"id","rating","image_url","certification_links","created_at","updated_at","user_id"
"1","5.00","https://c.superprof.com/i/a/24856587/11347609/600/20231125184931/berpengalaman-melatih-futsal-mini-soccer-sejak-tahun-2020-untuk-tingkat-anak-anak-remaja-hingga-dewasa-privat-maupun-grup-pelatih.jpg","[]","2025-10-08 07:43:42.740379+00","2025-10-08 07:43:42.740427+00","1"
"2","4.90","https://c.superprof.com/i/a/10535104/5542225/600/20240208224355/pelatih-futsal-mini-soccer-football-untuk-anak-anak-maupun-dewasa-dan-tim-fun-futsal-football-perusahaan-kampus-open-for.jpg","[]","2025-10-08 07:43:43.108152+00","2025-10-08 07:43:43.108179+00","2"
"3","5.00","https://c.superprof.com/i/a/12568023/6550474/600/20230104133430/graduated-from-universitas-negeri-jakarta-2017-siap-melatih-private-maupun-club-tidak-kaku-dan-sabar-dalam-melatih-coach-ariis.jpg","[]","2025-10-08 07:43:43.418209+00","2025-10-08 07:43:43.418235+00","3"
"4","5.00","https://c.superprof.com/i/a/33070628/14366804/600/20241001014928/lisensi-pssi-dibawah-langsung-pengawasan-pelatih-lisensi-yang-punya-pengalaman-melatih-berbagai-sekolah-asing-selama-tahun.jpg","[]","2025-10-08 07:43:43.745806+00","2025-10-08 07:43:43.745834+00","4"
"5","5.00","https://c.superprof.com/i/a/21749767/10439082/600/20250920050946/kursus-privat-sepak-bola-individu-maupun-tim-dengan-harga-terjangkau-berpengalaman-tahun-melatih-privat-bisa-konsultasi-daring-dan.jpg","[]","2025-10-08 07:43:44.053934+00","2025-10-08 07:43:44.053949+00","5"
"6","5.00","https://c.superprof.com/i/a/32158203/14024738/600/20250629095340/saya-pernah-menjadi-atlet-bola-voly-salah-satu-club-bekasi-yaitu-club-permata-saya-memulai-masuk-club-permata-pada-tahun-2020.jpg","[]","2025-10-08 07:43:44.37874+00","2025-10-08 07:43:44.378762+00","6"
"7","4.80","https://c.superprof.com/i/a/10583162/5566420/600/20240118001659/jika-anda-ingin-merasa-olahraga-itu-berat-hubungi-saya-saya-akan-beri-solusi-supaya-anda-bisa-menyukai-olahraga-dan-banyak-memiliki.jpg","[]","2025-10-08 07:43:44.670786+00","2025-10-08 07:43:44.670806+00","7"
"8","5.00","https://c.superprof.com/i/a/20181407/9995261/600/20220515012329/saya-adalah-lulusan-dari-akademi-basket-one-way-saya-ingin-mengajar-karena-saya-adalah-seorang-yang-sangat-ingin-berlatih-dan-melatih.jp","[]","2025-10-08 07:43:44.965602+00","2025-10-08 07:43:44.965617+00","8"
"9","5.00","https://c.superprof.com/i/a/14128336/7199071/600/20240731171644/mahasiswa-ilmu-keolahragaan-menawarkan-pengajaran-untuk-anda-dalam-olahraga-futsal-dan-sebagai-personal-trainer-saya-salsabilla.jpg","[]","2025-10-08 07:43:45.295727+00","2025-10-08 07:43:45.295737+00","9"
"10","0.00","https://c.superprof.com/i/a/32025677/13972627/600/20240718052012/pelatih-basket-yang-memiliki-lisensi-dan-sudah-melatih-dari-2016-sampe-sekarang-pernah-membawa-tim-juara-dan-daerah.jpg","[]","2025-10-08 07:43:45.645583+00","2025-10-08 07:43:45.645602+00","10"
"11","5.00","https://c.superprof.com/i/a/21272009/10246710/600/20250413153001/pelatih-sekolah-sepak-bola-private-skill-individu-team-small-group-untuk-meningkatkan-kemampuan-diri-pemain-yang-bersertifikasi.jpg","[]","2025-10-08 07:43:45.9413+00","2025-10-08 07:43:45.941318+00","11"
"12","0.00","https://c.superprof.com/i/a/31710566/13849326/600/20240621061532/basketball-coach-locate-tangerang-have-more-than-years-basketball-and-soccer.jpg","[]","2025-10-08 07:43:46.255981+00","2025-10-08 07:43:46.256031+00","12"
"13","0.00","https://c.superprof.com/i/a/10031978/5272502/600/20250702201807/pelatih-sepak-bola-bersertifikat-afc-siap-memberikan-program-latihan-sepak-bola-yang-sesuai-dengan-kebutuhan-anda.jpg","[]","2025-10-08 07:43:46.547131+00","2025-10-08 07:43:46.547148+00","13"
"14","0.00","https://c.superprof.com/i/a/9494779/15141316/600/20250222145959/pelatih-futsal-dan-sepak-bola-menawarkan-pelatihan-private-grup-untuk-semua-kategori-memiliki-lisensi-kepelatihan-level.jpg","[]","2025-10-08 07:43:46.964666+00","2025-10-08 07:43:46.964677+00","14"
"15","0.00","https://c.superprof.com/i/a/29189766/12923262/600/20231226034028/pernah-menjadi-pemain-sepak-bola-untuk-club-maupun-perusahaan-tempat-saya-bekerja-dan-saya-juga-pernah-melatih-anak-bola-dan-juga.jpg","[]","2025-10-08 07:43:47.342428+00","2025-10-08 07:43:47.342438+00","15"
"16","0.00","https://c.superprof.com/i/a/32131338/16630694/600/20250917075252/saya-adalah-seorang-sarjana-pendidikan-kepelatihan-olahraga-saya-sudah-menjadi-pelatih-dalam-rentan-waktu-2013-sekarang.jpg","[]","2025-10-08 07:43:47.694668+00","2025-10-08 07:43:47.694678+00","16"
"17","5.00","https://c.superprof.com/i/a/9645744/15709405/600/20250131021712/lulusan-sekolah-pendidikan-olahraga-bisa-membimbing-anda-untuk-memulai-olahraga-anda-minati-memberikan-pengajaran-dasar-hingga.jpg","[]","2025-10-08 07:43:48.102372+00","2025-10-08 07:43:48.102383+00","17"
"18","0.00","https://c.superprof.com/i/a/13230169/7567887/600/20220419122700/basket-merupakan-passion-saya-baik-dalam-bermain-mengajar-saya-bisa-melatih-anda-teman-anda-dengan-drill-yang-tidak-membosankan-dan.jpg","[]","2025-10-08 07:43:48.482261+00","2025-10-08 07:43:48.482271+00","18"
"19","0.00","https://c.superprof.com/i/a/10990639/5768737/600/20241216125434/menawarkan-pelatihan-private-grup-untuk-semua-usia-pemain-dengan-methode-coerver-program-latihan-ball-mastery-passing.jpg","[]","2025-10-08 07:43:50.061035+00","2025-10-08 07:43:50.061045+00","19"
"20","0.00","https://c.superprof.com/i/a/33174901/14407492/600/20241004003641/saya-adalah-mantan-atlet-dan-saya-sudah-masuk-tingkat-nasional-saya-bisa-mengajarkan-ilmu-saya-kepada-kalian.jpg","[]","2025-10-08 07:43:50.457233+00","2025-10-08 07:43:50.457253+00","20"
"21","0.00","https://c.superprof.com/i/a/29877355/13198375/600/20240212143247/pelatihan-khusus-keeper-prima-academy-bersama-coach-gatot-prasetyo-matan-pelatih-keeper-timnas-indonesia-pelatihan.jpg","[]","2025-10-08 07:43:50.841703+00","2025-10-08 07:43:50.841722+00","21"
"22","0.00","https://c.superprof.com/i/a/20850292/10076127/600/20220602084029/lulusan-universitas-negeri-yogyakarta-sarjana-pendidikan-dan-menguasai-teknik-taktik-bola-basket.jpg","[]","2025-10-08 07:43:51.306802+00","2025-10-08 07:43:51.306869+00","22"
"23","0.00","https://c.superprof.com/i/a/15000423/16521963/600/20250909013731/latihan-sepakbola-privat-grup-kecil-karawang-dilatih-oleh-pelatih-bersertifikat-lisensi-nasional-pssi-fokus-pada-teknik-dasar.jpg","[]","2025-10-08 07:43:51.641567+00","2025-10-08 07:43:51.641592+00","23"
"24","0.00","https://c.superprof.com/i/a/32398871/16235500/600/20240817141413/lulusan-dari-universitas-pendidikan-indonesia-saya-akan-mengajar-dengan-media-yang-menarik-supaya-lebih-seru-dan-dapat-mudah-dipahami.j","[]","2025-10-08 07:43:51.983242+00","2025-10-08 07:43:51.983264+00","24"
"25","0.00","https://c.superprof.com/i/a/12862744/6716081/600/20220419122700/lulusan-sarjana-olahraga-universitas-pendidikam-indonesia-sudah-berpengalaman-mengajar-sekolah-dasar-dan-sekolah-menengaj.jpg","[]","2025-10-08 07:43:52.379892+00","2025-10-08 07:43:52.379902+00","25"
"26","0.00","https://c.superprof.com/i/a/14801031/12978305/600/20221128110218/selamat-datang-perkenalkan-saya-moch-raffi-cahya-fatezdi-seorang-guru-olahraga-yang-berkomitmen-untuk-menginspirasi-dan.jpg","[]","2025-10-08 07:43:52.801952+00","2025-10-08 07:43:52.801972+00","26"
"27","0.00","https://c.superprof.com/i/a/29186288/12921884/600/20231225144852/pelatih-sepakbola-berlisensi-berpengalaman-melatih-sejak-2010-menerima-latihan-privat-bola-untuk-anak-hingga-dewasa-perlengkapan.jpg","[]","2025-10-08 07:43:53.1433+00","2025-10-08 07:43:53.143317+00","27"
"28","0.00","https://c.superprof.com/i/a/29316761/12972206/600/20250623012544/pelatih-coach-futsal-sepakbola-kids-friendly-dengan-lisensi-untuk-anak-anak-hingga-dewasa-private-atau-corporate-sampai.jpg","[]","2025-10-08 07:43:53.523392+00","2025-10-08 07:43:53.523411+00","28"
"29","0.00","https://c.superprof.com/i/a/36420684/15887988/600/20250612001049/lulusan-universitas-negeri-malang-bidang-medis-olahraga-siap-memberi-materi-ajar-yang-mudah-dipahami.jpg","[]","2025-10-08 07:43:53.88157+00","2025-10-08 07:43:53.881582+00","29"
"30","0.00","https://c.superprof.com/i/a/21724968/15458078/600/20240223030936/tingkatkan-skill-dan-semangat-gabung-kelas-basket-futsal-seru-bersama-pelatih-yang-baik.jpg","[]","2025-10-08 07:43:54.352606+00","2025-10-08 07:43:54.352622+00","30"
"31","0.00","https://c.superprof.com/i/a/4432401/2107588/600/20250210032840/berlatih-futsal-bertujuan-untuk-kebugaran-skill-dan-juara-adalah-bonus-dari-hasil-latihan-mari-bergabung-dengan-saya.jpg","[]","2025-10-08 07:43:54.725238+00","2025-10-08 07:43:54.725256+00","31"
"32","0.00","https://c.superprof.com/i/a/24213152/11089405/600/20221214044929/mengajarkan-teknik-teknik-main-bola-volly-basket-futsal-sepak-bola-dlll-untuk-melatih-kekuatan-otot-kaki-membuat-tubuh-menjadi-sehat.jp","[]","2025-10-08 07:43:55.098663+00","2025-10-08 07:43:55.098684+00","32"
"33","0.00","https://c.superprof.com/i/a/24076499/11037316/600/20230805154748/lulusan-akademi-sepakbola-pekanbaru-dan-menjadi-pemain-futsal-dan-volley-sumatra.jpg","[]","2025-10-08 07:43:55.480939+00","2025-10-08 07:43:55.480952+00","33"
"34","5.00","https://c.superprof.com/i/a/29238299/12942045/600/20240707041128/saya-naufal-lulusan-universitas-pendidikan-indonesia-jurusan-pgsd-pendidikan-jasmani-cabang-olahraga-futsal.jpg","[]","2025-10-08 07:43:55.785477+00","2025-10-08 07:43:55.785494+00","34"
"35","0.00","https://c.superprof.com/i/a/23654124/11793792/600/20221102083600/memiliki-pengalaman-dalam-melatih-siswa-dalam-bidang-olahraga-futsal-dan-sepak-bola.jpg","[]","2025-10-08 07:43:56.155721+00","2025-10-08 07:43:56.15573+00","35"
"36","0.00","https://c.superprof.com/i/a/8484135/4405293/600/20220727012211/masih-menjadi-pelatih-basket-dan-olahraga-lainnya-seperti-futsal-dan-badminton-dari-tahun-2013-sampai-dengan-sekarang.jpg","[]","2025-10-08 07:43:56.561841+00","2025-10-08 07:43:56.561851+00","36"
"37","0.00","https://c.superprof.com/i/a/38071391/16405873/600/20250816101042/sekolah-lulusan-sepak-bola-terbaik-teknik-sepak-bola-strategi-sepak-bola-pertahan-sepak-bola-formasi-sepak-bola.jpg","[]","2025-10-08 07:43:58.299157+00","2025-10-08 07:43:58.29918+00","37"
"38","0.00","https://c.superprof.com/i/a/37849376/16369995/600/20250803111031/saya-lulusan-dari-universitas-negeri-yogyakarta-jurusan-pendidikan-kepelatihan-olahraga-mempunyai-kemampuan-menjadi-coach-futsal.jpg","[]","2025-10-08 07:43:58.682297+00","2025-10-08 07:43:58.682394+00","38"
"39","0.00","https://c.superprof.com/i/a/35329459/15245654/600/20250228094409/skil-bola-mendasar-dribling-passing-posisition-coaching-lain-lain-basic-sepak-bola.jpg","[]","2025-10-08 07:43:59.236341+00","2025-10-08 07:43:59.236367+00","39"
"40","0.00","https://c.superprof.com/i/a/37709080/16241300/600/20250727011632/saya-lulusan-manajemen-sarjana-dan-saya-punya-pengalaman-bidang-kepelatihan-sepakbola-disini-saya-ingin-menyalurkan-ilmu-saya.jpg","[]","2025-10-08 07:43:59.539871+00","2025-10-08 07:43:59.539907+00","40"
"41","0.00","https://c.superprof.com/i/a/37409599/16114312/600/20250711061813/lulusan-universitas-trisakti-program-beasiswa-olahraga-futsal-mantan-pemain-palembang-dan-sekarang-fokus-kepada-kepelatihan.jpg","[]","2025-10-08 07:43:59.852307+00","2025-10-08 07:43:59.852334+00","41"
"42","0.00","https://c.superprof.com/i/a/36358723/15659573/600/20250509131600/pelatih-sepakbola-futsal-privat-anak-usia-sekolah-dasar-hingga-smp-dengan-metode-menyesuaikan-posisi-yang-disukai.jpg","[]","2025-10-08 07:44:00.183404+00","2025-10-08 07:44:00.183418+00","42"
"43","0.00","https://c.superprof.com/i/a/7438828/3776366/600/20220918110646/cukup-berpengalaman-dalam-melatih-klub-dan-akademi-pembelajaran-yang-menyenangkan-dan-sehat-menjadi-tujuan-utamanya-let-join.jpg","[]","2025-10-08 07:44:00.526278+00","2025-10-08 07:44:00.526287+00","43"
"44","0.00","https://c.superprof.com/i/a/33554320/15425104/600/20250331194954/pelatih-privat-atau-grup-sepak-bola-atau-futsal-untuk-anak-anak-dan-remaja-pengalaman-tahun-melatih-dengan-lisensi-sepak-bola.jpg","[]","2025-10-08 07:44:00.816301+00","2025-10-08 07:44:00.816323+00","44"
"45","0.00","https://c.superprof.com/i/a/14904891/7591297/600/20250329100418/pelatih-yang-mengutamakan-fun-learning-pelatih-renang-dan-kondisi-fisik-untuk-meningkatkan-kebugaran-orang-dewasa-melatih-motorik.jpg","[]","2025-10-08 07:44:01.172114+00","2025-10-08 07:44:01.172148+00","45"
"46","0.00","https://c.superprof.com/i/a/26983848/16405138/600/20250816072518/lulusan-pendidikan-jasmani-dan-saya-masih-bermain-liga-tertinggi-indonesia-club-hangtuah-jakarta-belajar-bersama-saya-lebih.jpg","[]","2025-10-08 07:44:01.515393+00","2025-10-08 07:44:01.515412+00","46"
"47","0.00","https://c.superprof.com/i/a/34546854/14902581/600/20250114154928/pemain-terbaik-saat-bermain-olahraga-disetiap-cabang-dan-saya-akan-mengajarkan-semua-dengan-baik.jpg","[]","2025-10-08 07:44:01.8489+00","2025-10-08 07:44:01.848926+00","47"
"48","0.00","https://c.superprof.com/i/a/33822970/15052694/600/20250205072338/pelatih-sepak-bola-berlisensi-nasional-mempunyai-pengalaman-melatih-ssb-jakarta-kurang-lebih-tahun.jpg","[]","2025-10-08 07:44:02.161662+00","2025-10-08 07:44:02.161687+00","48"
"49","0.00","https://c.superprof.com/i/a/34305429/14814442/600/20250111173554/pelatih-coach-goalkeeper-berlisensi-pssi-melatih-asiop-football-academy-private-goalkeeper-training-depok-and.jpg","[]","2025-10-08 07:44:02.54772+00","2025-10-08 07:44:02.547752+00","49"
"50","0.00","https://c.superprof.com/i/a/31406769/13731294/600/20240525170440/lulusan-universitas-sebelas-maret-surakarta-memiliki-lisensi-pssi-saat-ini-aktif-mengajar-sekolah-internasional-sekolah-sepak.jpg","[]","2025-10-08 07:44:02.874493+00","2025-10-08 07:44:02.874524+00","50"
"51","0.00","https://c.superprof.com/i/a/15224827/7753765/600/20220628150256/pemain-amatir-menawarkan-pelatihan-pribadi-atau-berkelompok-untuk-futsal-sepakbola-usia-dibawah-tahun.jpg","[]","2025-10-08 07:44:03.242678+00","2025-10-08 07:44:03.242708+00","51"
"52","0.00","https://c.superprof.com/i/a/33574590/14556558/600/20241031054029/lulusan-akademi-sepak-bola-terbaik-menguasai-ilmu-pengetahuan-sepak-bola-bekerja-dengan-rajin-dan-tekun.jpg","[]","2025-10-08 07:44:03.590465+00","2025-10-08 07:44:03.590484+00","52"
"53","5.00","https://c.superprof.com/i/a/30167373/13331553/600/20240731150136/pendidikan-kepelatihan-unj-dan-memiliki-lisensi-kepelatihan-futsal-jenjang-level-afc-yang-mempunyai-pengalaman-melatih-dimulai.jpg","[]","2025-10-08 07:44:03.935913+00","2025-10-08 07:44:03.935925+00","53"
"54","0.00","https://c.superprof.com/i/a/30012422/13253866/600/20240221125038/saya-lulusan-teknik-listrik-yang-dapat-mengajarkan-anak-dimulai-usia-hingga-tahun-dalam-teknik-skill-individu-serta-tim.jpg","[]","2025-10-08 07:44:04.277367+00","2025-10-08 07:44:04.277403+00","54"
"55","5.00","https://c.superprof.com/i/a/29275455/12955987/600/20240104014327/pelatih-sepak-bola-untuk-semua-kategori-umur-lisensi-pssi-pelatih-fisik-level-nasional-football-data-analyst-fifa-footbal-for.jpg","[]","2025-10-08 07:44:05.948916+00","2025-10-08 07:44:05.948925+00","55"
"56","0.00","https://c.superprof.com/i/a/28439329/12642754/600/20231020083204/pelatihan-sekolah-sepak-bola-yang-siap-membantu-anda-untuk-mengolah-permainan-dan-skill-dalam-bermain-bola-baik-itu-sepak-bola-atau.jpg","[]","2025-10-08 07:44:06.247145+00","2025-10-08 07:44:06.247159+00","56"
"57","0.00","https://c.superprof.com/i/a/26196215/11783924/600/20231004183847/rasakan-nikmatnya-bermain-dan-perkembangan-fisik-maupun-mental-dalam-berbagai-aspek-dalam-hidup.jpg","[]","2025-10-08 07:44:06.549738+00","2025-10-08 07:44:06.549759+00","57"
"58","0.00","https://c.superprof.com/i/a/19372700/11791816/600/20230427182849/saya-mahasiswa-aktif-olahraga-sangat-menggemari-aktifitas-olahraga-baik-voli-futsal-maupun-sepak-bola-motorik-anak-kursus-diet.jpg","[]","2025-10-08 07:44:06.904178+00","2025-10-08 07:44:06.904198+00","58"
"59","0.00","https://c.superprof.com/i/a/9497339/4983065/600/20230412164929/menawarkan-latihan-yang-menyenangkan-dan-menambah-keterampilan-bermain-secara-individu-dan-team.jpg","[]","2025-10-08 07:44:07.200553+00","2025-10-08 07:44:07.200572+00","59"
"60","0.00","https://c.superprof.com/i/a/38853029/16702446/600/20250930213122/saya-mengajarkan-tentang-olahraga-dan-saya-juga-ingin-membagikan-ilmu-yang-bermanfaat.jpg","[]","2025-10-08 07:44:07.528914+00","2025-10-08 07:44:07.52895+00","60"
"61","0.00","https://c.superprof.com/i/a/38818487/16689549/600/20250925121414/lulusan-akademik-sepak-bola-saya-akan-menyusuaikan-murid-saya-sesuai-apa-yang-saya-pelajari.jpg","[]","2025-10-08 07:44:07.88456+00","2025-10-08 07:44:07.88458+00","61"
"62","0.00","https://c.superprof.com/i/a/38813808/16687582/600/20250925053534/bola-football-player.jpg","[]","2025-10-08 07:44:08.199701+00","2025-10-08 07:44:08.199721+00","62"
"63","0.00","https://c.superprof.com/i/a/38686303/16637632/600/20250918060512/berpengalaman-dalam-membina-usia-dini-untuk-semua-kategori-umur-juga-bisa-metode-pembelajaran-dan-latihan-akan-saya-sesuaikan.jpg","[]","2025-10-08 07:44:08.498355+00","2025-10-08 07:44:08.498365+00","63"
"64","0.00","https://c.superprof.com/i/a/27702533/16616380/600/20250915081513/lets-training-together-graduation-from-state-university-jakarta-subject-physical-education-faculty-sport-science.jpg","[]","2025-10-08 07:44:08.794174+00","2025-10-08 07:44:08.794204+00","64"
"65","0.00","https://c.superprof.com/i/a/38593957/16602058/600/20250913020036/pengajaran-saya-berdasar-dari-teori-cara-bermain-sepakbola-yang-baik-dan-benar.jpg","[]","2025-10-08 07:44:09.102025+00","2025-10-08 07:44:09.102036+00","65"
"66","0.00","https://c.superprof.com/i/a/38541261/16581571/600/20250910085458/tehnik-dasar-bermain-futsal-tehnik-jugling-bola-tehnik-dribble-tehnik-mengecoh-lawan.jpg","[]","2025-10-08 07:44:09.43965+00","2025-10-08 07:44:09.43967+00","66"
"67","0.00","https://c.superprof.com/i/a/38374890/16517231/600/20250901155200/menjadi-guru-futsal-diclub-great-futsal-surabaya-dan-sekolah-cita-hati-metode-latihan-saya-akan-sesuaikan-dengan-murid-yang-saya.jpg","[]","2025-10-08 07:44:09.743851+00","2025-10-08 07:44:09.743889+00","67"
"68","0.00","https://c.superprof.com/i/a/37916457/16340361/600/20250807092603/mulailah-berlatih-dari-sekarang-jika-ingin-menjadi-pemain-profesional-mulai-bukan-diam.jpg","[]","2025-10-08 07:44:10.210648+00","2025-10-08 07:44:10.210667+00","68"
"69","0.00","https://c.superprof.com/i/a/37613760/16194643/600/20250825104616/pelatih-coach-futsal-sepakbola-grasroot-youth-dengan-lisensi-untuk-anak-anak-hingga-dewasa-private-atau-corporate-sampai.jpg","[]","2025-10-08 07:44:10.515483+00","2025-10-08 07:44:10.515493+00","69"
"70","0.00","https://c.superprof.com/i/a/37296077/16068256/600/20250705134409/mau-jago-futsal-ayo-latihan-bareng-bersama-saya-minat-langsung-chat-aja-yaa.jpg","[]","2025-10-08 07:44:10.866496+00","2025-10-08 07:44:10.866527+00","70"
"71","0.00","https://c.superprof.com/i/a/36915878/15912736/600/20250615142356/pelatih-berpengalaman-dalam-sepak-bola-dan-futsal-siap-latih-fisik-dan-teknik.jpg","[]","2025-10-08 07:44:11.156932+00","2025-10-08 07:44:11.156967+00","71"
"72","0.00","https://c.superprof.com/i/a/37688632/16231222/600/20250725202540/lulusan-pendidikan-kepelatihan-unesa-pengalaman-sebagai-atlet-dan-pelatih-bulutangkis-regional-dan-nasional-paham.jpg","[]","2025-10-08 07:44:12.902902+00","2025-10-08 07:44:12.902939+00","72"
"73","0.00","https://c.superprof.com/i/a/36867480/15893819/600/20250612160719/memiliki-pengalaman-lebih-dari-tahun-bidang-futsal-dan-sepak-bola-saya-pernah-mewakili-tim-futsal-jawa-barat-serta-bermain.jpg","[]","2025-10-08 07:44:13.253855+00","2025-10-08 07:44:13.253876+00","73"
"74","0.00","https://c.superprof.com/i/a/36787980/15859216/600/20250608181955/saya-berpengalaman-dalam-mengajarkan-anak-anak-dalam-sepak-bola-dan-futsal-kampung-saya-banyak-anak-anak-tertarik-dengan-cara.jpg","[]","2025-10-08 07:44:13.547497+00","2025-10-08 07:44:13.547506+00","74"
"75","0.00","https://c.superprof.com/i/a/36223102/15599006/600/20250504121913/menumbuhkan-rasa-senang-dan-suka-juga-hasrat-bermain-sepak-bola-sejak-dini.jpg","[]","2025-10-08 07:44:13.866067+00","2025-10-08 07:44:13.866087+00","75"
"76","0.00","https://c.superprof.com/i/a/36405506/15680254/600/20250513024719/main-lebih-hebat-dengan-sepatu-yang-penuh-kendali-gear-juara-aksi-luar-biasa-rasakan-kekuatan-tiap-tendangan.jpg","[]","2025-10-08 07:44:14.166708+00","2025-10-08 07:44:14.16673+00","76"
"77","0.00","https://c.superprof.com/i/a/36201520/15588840/600/20250428045613/pelatih-sepak-bola-berpengalaman-siap-melatih-teknik-dasar-hingga-lanjutan-untuk-semua-usia-dan-level.jpg","[]","2025-10-08 07:44:14.466078+00","2025-10-08 07:44:14.466098+00","77"
"78","0.00","https://c.superprof.com/i/a/35311617/15207230/600/20250227063457/lisensi-kepelatihan-untuk-sepakbola-sistem-pengajarannya-akan-saya-sesuaikan-secara-bertahap-dan-diseauaikan-dengan-para-murid.jpg","[]","2025-10-08 07:44:14.797109+00","2025-10-08 07:44:14.797119+00","78"
"79","0.00","https://c.superprof.com/i/a/33696186/14601289/600/20241109220839/pelatih-sepakbola-futsal-dan-fisik-bersertifikat-nasional-berpengalaman-dalam-melatih-tim-dan-individu.jpg","[]","2025-10-08 07:44:15.120687+00","2025-10-08 07:44:15.120716+00","79"
"80","0.00","https://c.superprof.com/i/a/32525722/14160404/600/20240827213707/pernah-belajar-sepak-bola-selama-tahun-dan-saya-banyak-mengerti-tentang-sepak-bola-karna-itu-saya-siap-mengajar-bidang-ini.jpg","[]","2025-10-08 07:44:15.433933+00","2025-10-08 07:44:15.433965+00","80"
"81","0.00","https://c.superprof.com/i/a/20638246/14067467/600/20240806065842/menikmati-latihan-futsal-dengan-pasing-kontrol-dan-shooting-untuk-semua-umur-lokasi-dimana-saja-depok-lebih-baik.jpg","[]","2025-10-08 07:44:15.987738+00","2025-10-08 07:44:15.987758+00","81"
"82","0.00","https://c.superprof.com/i/a/28352761/12609569/600/20240603063748/dengan-pengalaman-luas-bidang-sepak-bola-saya-memiliki-pemahaman-mendalam-tentang-strategi-permainan-pelatihan-dan-pengembangan.jpg","[]","2025-10-08 07:44:16.385803+00","2025-10-08 07:44:16.385823+00","82"
"83","0.00","https://c.superprof.com/i/a/31269004/13682157/600/20240514225016/pengertian-sepak-bola-sejarah-peraturan-teknik-dasar-dan-manfaat-mengenal-permainan-sepak-bola-olahraga-terpopuler-dunia-tujuan.jpg","[]","2025-10-08 07:44:16.746867+00","2025-10-08 07:44:16.746878+00","83"
"84","0.00","https://c.superprof.com/i/a/31155994/13631386/600/20240504050739/lulusansarjana-pendidikan-terbaik-prodi-pendidikan-jasmani-kesehatan-dan-rekreasi-universitas-dharmas-indonesia.jpg","[]","2025-10-08 07:44:17.070713+00","2025-10-08 07:44:17.070745+00","84"
"85","0.00","https://c.superprof.com/i/a/30510095/13452009/600/20240328060720/lulusan-akdemi-olahraga-terbaik-saya-bisa-mengajarkan-anda-tentang-berbagai-macam-olahraga-seperti-sepak-bola-futsal-dan.jpg","[]","2025-10-08 07:44:17.384722+00","2025-10-08 07:44:17.384757+00","85"
"86","0.00","https://c.superprof.com/i/a/30263761/13356210/600/20240310010003/lulusan-sekolah-sepak-bola-mengajarkan-passing-kontrol-bola-kerja-sama-satu-team.jpg","[]","2025-10-08 07:44:17.763429+00","2025-10-08 07:44:17.763459+00","86"
"87","0.00","https://c.superprof.com/i/a/30228910/13342386/600/20240307044201/lulusan-sekolah-sepak-bola-dan-saya-berumur-tahun-terimakasih-oekee-masbrii.jpg","[]","2025-10-08 07:44:18.105441+00","2025-10-08 07:44:18.105461+00","87"
"88","0.00","https://c.superprof.com/i/a/28979112/12844374/600/20231204051158/berpengalaman-dibidang-olahraga-dan-menekuni-bidang-olahraga-mempunyai-sertifikat-kepelatihan-cabang-olahraga-sepakbola.jpg","[]","2025-10-08 07:44:18.439498+00","2025-10-08 07:44:18.439514+00","88"
"89","0.00","https://c.superprof.com/i/a/28717945/12748786/600/20231113140052/pernah-bermain-futsal-rbi-dan-mengikuti-turnamen-dan-sering-melakukan-separing-antar-tim2-dari-daerah-daerah-lain.jpg","[]","2025-10-08 07:44:18.777947+00","2025-10-08 07:44:18.777957+00","89"
"90","0.00","https://c.superprof.com/i/a/26309067/11827579/600/20230505141549/lulusan-sekolah-terbaik-dan-saya-mahasiswa-uny-saya-akan-mengajar-mulai-dari-teknik-dasar-dan-terus-meningkatkan.jpg","[]","2025-10-08 07:44:20.512111+00","2025-10-08 07:44:20.512124+00","90"
"91","5.00","https://c.superprof.com/i/a/25318781/11535368/600/20230309094554/latihan-mendasar-futsal-sepakbola-agar-mengetahui-dan-mengenal-lebih-dalam-tentang-futsal-sepakbola.jpg","[]","2025-10-08 07:44:20.830397+00","2025-10-08 07:44:20.830409+00","91"
"92","0.00","https://c.superprof.com/i/a/38626255/16615249/600/20250915030233/saya-lulusan-ssb-saya-akan-mengajari-ilmu-sepak-bola-sampai-paham-dan-mengerti.jpg","[]","2025-10-08 07:44:21.15375+00","2025-10-08 07:44:21.153762+00","92"
"93","5.00","https://c.superprof.com/i/a/16654400/8449894/600/20220419122700/mahasiswa-yang-memiliki-hobi-bermain-basket-menawarkan-kursus-olahraga-basket-karawang.jpg","[]","2025-10-08 07:44:21.457466+00","2025-10-08 07:44:21.457476+00","93"
"94","0.00","https://c.superprof.com/i/a/38037549/16393152/600/20250814082435/pelatih-sekolah-sepak-bola-asaljepara-dan-sudah-ada-pemainyang-sudah-alumni-dan-sekarang-bisa-menjadipemain.jpg","[]","2025-10-08 07:44:21.780656+00","2025-10-08 07:44:21.780672+00","94"
"95","0.00","https://c.superprof.com/i/a/37959642/16360549/600/20250810024005/lulusan-sekolah-sepak-bola-terbaik-saya-juga-termasuk-pemain-inti-dalam-sebuahclub.jpg","[]","2025-10-08 07:44:22.089691+00","2025-10-08 07:44:22.0897+00","95"
"96","0.00","https://c.superprof.com/i/a/37727784/16249387/600/20250728020716/lulusan-skolah-sepak-bola-terbaik-dan-juga-mengajar-dengan-metode-kepelatihan-luar-negeri-sesuai-kebutuhan-dan-kemampuan-anak.jpg","[]","2025-10-08 07:44:22.488142+00","2025-10-08 07:44:22.488154+00","96"
"97","0.00","https://c.superprof.com/i/a/37421920/16120728/600/20250711194229/daftar-segera-pembinaan-intensif-sepak-bola-untuk-segala-usia-dari-dasar-hingga-mahir-wujudkan-potensi-juara-anda.jpg","[]","2025-10-08 07:44:22.826543+00","2025-10-08 07:44:22.826561+00","97"
"98","0.00","https://c.superprof.com/i/a/37272079/16057775/600/20250704040617/pelatih-sepakbola-berlisensi-pssi-pelatih-softball-berlisensi-guru-olahraga-negeri-mlatiharjo.jpg","[]","2025-10-08 07:44:23.187058+00","2025-10-08 07:44:23.187095+00","98"
"99","0.00","https://c.superprof.com/i/a/37009153/15949607/600/20250620035017/ingin-menjadikan-platform-ini-sarana-untuk-menjadikan-anak-anak-bangsa-termotivasi-menjadi-pemain-sepak-bola-atau-futsal-dengan.jpg","[]","2025-10-08 07:44:23.531972+00","2025-10-08 07:44:23.531987+00","99"
"100","0.00","https://c.superprof.com/i/a/36855903/15888471/600/20250612032521/lulusan-universitas-terbaik-subang-dengan-program-pendidikan-jasmani-kesehatan-dan-rekreasi-pjkr-dimana-bidang-tersebut-bergerak.jpg","[]","2025-10-08 07:44:23.926862+00","2025-10-08 07:44:23.926874+00","100"
"101","0.00","https://c.superprof.com/i/a/6491209/3248222/600/20220419122700/saya-menawarkan-bagi-mau-pelajar-atau-mahasiswa-yang-ingin-atau-sangat-ingin-bisa-bermain-atau-menjadi-pemain-pro-saya-akan-melakukan.jpg","[]","2025-10-08 07:44:24.453139+00","2025-10-08 07:44:24.453155+00","101"
"102","0.00","https://c.superprof.com/i/a/36236885/15604611/600/20250430150014/ingin-jago-main-bola-latihan-bareng-coach-ramah-disiplin-cocok-untuk-pemula-hingga-lanjutan.jpg","[]","2025-10-08 07:44:24.768713+00","2025-10-08 07:44:24.768723+00","102"
"103","0.00","https://c.superprof.com/i/a/36193803/15585317/600/20250427154028/lulusan-pendidikan-kepelatihan-olahraga-universitas-negeri-padang-tahun-2019-dldan-aktif-sebagai-pelatih-sampai-sekarang.jpg","[]","2025-10-08 07:44:25.156757+00","2025-10-08 07:44:25.156768+00","103"
"104","0.00","https://c.superprof.com/i/a/36136073/15559888/600/20250423052020/saya-membangun-dan-ikut-komunitas-club-futsal-dan-sepak-bola-saya-batam-ingin-mempelajari-strategi-dalam-pertandingan-sepak-bola.jpg","[]","2025-10-08 07:44:25.687615+00","2025-10-08 07:44:25.68763+00","104"
"105","0.00","https://c.superprof.com/i/a/36056649/15522620/600/20250416175002/ayok-membangun-indonesia-dengan-sepak-bola-menuju-dunia-agar-bisa-ikut-piala-dunia.jpg","[]","2025-10-08 07:44:26.060327+00","2025-10-08 07:44:26.060347+00","105"
"106","0.00","https://c.superprof.com/i/a/35664647/15353725/600/20250320152350/mantan-pemain-sepak-bola-berpengalaman-siap-membantu-meningkatkan-skill-anda-dan-sudah-pernah-mengikuti-berbagai-turnamen.jpg","[]","2025-10-08 07:44:26.387534+00","2025-10-08 07:44:26.387554+00","106"
"107","0.00","https://c.superprof.com/i/a/34116034/14744461/600/20241210121154/pernah-mengajar-dibidang-sepak-bola-terutama-futsal-dan-lamadibidang-sepak-bola-saya-harap-dapat-melanjutkan-mimpi-semua-orang-dan.jpg","[]","2025-10-08 07:44:28.059119+00","2025-10-08 07:44:28.05913+00","107"
"108","0.00","https://c.superprof.com/i/a/33370266/14481898/600/20241016171250/mengenal-bakat-belajar-menjadi-hebat-mengasah-skill-dan-mengenal-dunia-dan-isinya.jpg","[]","2025-10-08 07:44:28.371877+00","2025-10-08 07:44:28.371896+00","108"
"109","0.00","https://c.superprof.com/i/a/31265279/13675078/600/20240513173807/lulusan-stkip-mutiara-banten-dengan-jurusan-sarjana-olahrag-untuk-materi-ajar-bisa-menentukan-kebutuhan-khusus-siswa-dalam-materi.jpg","[]","2025-10-08 07:44:28.884022+00","2025-10-08 07:44:28.884033+00","109"
"110","0.00","https://c.superprof.com/i/a/29631829/13096257/600/20240127010407/saya-mengajar-sesuai-bidang-saya-dan-termasuk-hobi-saya-dari-kecil-dan-saya-pernah-mengikuti-pelatihan-khusus-dalam-bidang-sepak-bola.j","[]","2025-10-08 07:44:29.19431+00","2025-10-08 07:44:29.194329+00","110"
"111","0.00","https://c.superprof.com/i/a/28626929/12714781/600/20231104164917/saya-seorang-yang-sangat-gemar-olahraga-dan-memiliki-beberapa-keahlian-yang-tentunya-bisa-membantu-anda-untuk-berkembang-lebih-baik.jpg","[]","2025-10-08 07:44:29.52718+00","2025-10-08 07:44:29.5272+00","111"
"112","0.00","https://c.superprof.com/i/a/27929865/12444620/600/20230912030050/saya-merupakan-atlet-sepak-bola-sejak-kecil-saya-hobi-bermain-bola-awal-mula-karir-saya-sepak-bola-tahun-2017-sampai.jpg","[]","2025-10-08 07:44:29.848862+00","2025-10-08 07:44:29.848873+00","112"
"113","0.00","https://c.superprof.com/i/a/27638655/12331906/600/20230821072311/belum-pernah-mengajar-sama-sekali-tapi-tau-tentang-olahraga-sepak-bola-dan-olahraga-lainnya-seperti-bola-takraw-tennis-meja-juga.jpg","[]","2025-10-08 07:44:30.203238+00","2025-10-08 07:44:30.203265+00","113"
"114","0.00","https://c.superprof.com/i/a/26756000/11988586/600/20230608125633/pelajaran-saya-akan-saya-sesuaikan-dengan-apa-yang-ingin-anda-tau-dan-apa-yang-ada-tidak-tau.jpg","[]","2025-10-08 07:44:30.531195+00","2025-10-08 07:44:30.531204+00","114"
"115","0.00","https://c.superprof.com/i/a/14780841/7526029/600/20220419122700/hobi-dari-kecil-akan-kulit-bundar-hingga-saat-ini-mampu-mengasah-kemampuan-orang-lain.jpg","[]","2025-10-08 07:44:30.875256+00","2025-10-08 07:44:30.875267+00","115"
"116","5.00","https://c.superprof.com/i/a/12897304/6736257/600/20220419122700/pengetahuan-keilmuan-olahraga-dan-relevansinya-bagi-kesehatan-anak-bangsa-masa-yang-akan-datang.jpg","[]","2025-10-08 07:44:31.220155+00","2025-10-08 07:44:31.220167+00","116"
"117","0.00","https://c.superprof.com/i/a/15393045/7838205/600/20220419122700/private-skill-individu-team-futsal-and-football-untuk-meningkatkan-kemampuan-diri-pemain.jpg","[]","2025-10-08 07:44:31.5034+00","2025-10-08 07:44:31.503419+00","117"
"118","0.00","https://c.superprof.com/i/a/16029720/8152118/600/20220419122700/lulusan-sarjana-pendidikan-jurusan-pendidikan-ekonomi-memberi-pemahaman-tentang-olahraga-dan-kesehatan.jpg","[]","2025-10-08 07:44:31.783964+00","2025-10-08 07:44:31.783974+00","118"
"119","0.00","https://c.superprof.com/i/a/15191353/7737154/600/20220419122700/mahasiswa-ekonomi-mengajar-olahraga-sepakbola-untuk-bisa-menjadi-atlet-sepakbola-dengan-belajar-sepakbola-dasar-dan-tekhnik.jpg","[]","2025-10-08 07:44:32.054058+00","2025-10-08 07:44:32.054069+00","119"
"120","5.00","https://c.superprof.com/i/a/14214187/7252786/600/20220419122700/lulusan-penjaskesrek-menawarkan-kursus-dalam-bidang-pendidikan-jasmani-olahraga-dan-kesehatan.jpg","[]","2025-10-08 07:44:32.342796+00","2025-10-08 07:44:32.342809+00","120"
"121","0.00","https://c.superprof.com/i/a/14079081/7179501/600/20220419122700/saya-merupakan-lulusan-sarjana-olahraga-ingin-menawarkan-jasa-kursus-private-maupun-berkelompok-dalam-bidang-olahraga-pengalaman.jpg","[]","2025-10-08 07:44:32.681493+00","2025-10-08 07:44:32.681505+00","121"
"122","0.00","https://c.superprof.com/i/a/12016749/6245654/600/20220419122700/lulusan-kepelatihan-olahraga-fpok-upi-bandung-menawarkan-privat-pembelajaran-olahraga-dan-beberapa-cabang-olahraga-sangat-saya-kuasai.jp","[]","2025-10-08 07:44:33.406411+00","2025-10-08 07:44:33.406423+00","122"
"123","0.00","https://c.superprof.com/i/a/20148597/9813414/600/20220419122700/certified-football-and-futsal-coach-with-years-experience-and-qualified-with-two-licences-issued-pssi-for-both-football.jpg","[]","2025-10-08 07:44:35.367938+00","2025-10-08 07:44:35.367947+00","123"
"124","0.00","https://c.superprof.com/i/a/19278035/9431550/600/20220419122700/saya-lulusan-sekolah-umum-tapi-saya-memiliki-kecintaan-terhadap-olahraga-saya-memiliki-teknik-mengajar-yang-sesuai-dengan-kebutuhan.jpg","[]","2025-10-08 07:44:35.706984+00","2025-10-08 07:44:35.706994+00","124"
"125","0.00","https://c.superprof.com/i/a/15390287/7843495/600/20220419122700/olahraga-salah-satu-investasi-masa-depan-dengan-berolahraga-secara-teratur-dapat-menjaga-imunitas-tubuh-anda.jpg","[]","2025-10-08 07:44:36.08962+00","2025-10-08 07:44:36.08964+00","125"
"126","0.00","https://c.superprof.com/i/a/13951290/7141946/600/20220419122700/saya-guru-olahraga-yang-sudah-berpengalaman-sepuluh-tahun-mengajar-sepakbola-dan-renang-bertempat-kota-medan.jpg","[]","2025-10-08 07:44:36.621095+00","2025-10-08 07:44:36.621116+00","126"
"127","0.00","https://c.superprof.com/i/a/12734899/6641025/600/20220419122700/menerima-siswa-untuk-latih-menjadi-atlet-profesional-dan-dapat-andalkan.jpg","[]","2025-10-08 07:44:37.309023+00","2025-10-08 07:44:37.309034+00","127"
"128","0.00","https://c.superprof.com/i/a/12591353/6555980/600/20220419122700/pemain-sepak-bola-dengan-pengalaman-yang-mumpuni-memberikan-pelajaran-sepak-bola-yang-baik.jpg","[]","2025-10-08 07:44:37.711834+00","2025-10-08 07:44:37.711851+00","128"
"129","0.00","https://c.superprof.com/i/a/14724199/7495439/600/20220419122700/mahasiswa-universitas-airlangga-menawarkan-kursus-pelatihan-sepak-bola-untuk-semua-kalangan-umur.jpg","[]","2025-10-08 07:44:38.087258+00","2025-10-08 07:44:38.087274+00","129"
"130","0.00","https://c.superprof.com/i/a/13303583/6939650/600/20220419122700/mahasiswa-uin-tulungagung-yang-menguasai-bidang-olahraga-dan-sudah-pernah-berpengalaman-bermain-sepak-bola-dan-futsal-tingkat.jpg","[]","2025-10-08 07:44:38.414283+00","2025-10-08 07:44:38.414294+00","130"
"131","0.00","https://c.superprof.com/i/a/11230188/5891717/600/20220419122700/perkenalkan-nama-saya-pebriyadi-putra-lulusan-universitas-kuningan-dengan-jurusan-manajemen-ekonomi-disini-saya-akan-memberikan-kursus.j","[]","2025-10-08 07:44:38.792105+00","2025-10-08 07:44:38.792114+00","131"
"132","0.00","https://c.superprof.com/i/a/3725385/1729963/600/20220419122700/pemain-sepakbola-dengan-pengalaman-tahun-dunia-sepakbola-ingin-menyalurkan-pengalaman-yang-dapat-kepada-anak-anak-daerah.jpg","[]","2025-10-08 07:44:39.156433+00","2025-10-08 07:44:39.15646+00","132"
"133","0.00","https://c.superprof.com/i/a/9542060/5007274/600/20220419122700/sepak-bola-merupakan-olahraga-yang-sangat-gemari-oleh-seluruh-lapisan-masyarakat-indonesia-baik-yang-tua-muda-dan-anak-anak-baik.jpg","[]","2025-10-08 07:44:39.928043+00","2025-10-08 07:44:39.928057+00","133"
"134","0.00","https://c.superprof.com/i/a/9784831/5140742/600/20220419122700/saya-alumni-ukm-futsal-uin-jogja-dan-saya-pengurus-ukm-dan-pelatih-futsal-putri.jpg","[]","2025-10-08 07:44:40.351204+00","2025-10-08 07:44:40.351224+00","134"
"135","5.00","https://c.superprof.com/i/a/16837704/8537527/600/20220419122700/belajar-adalah-kunci-guru-adalah-pedoman-siapa-pun-yang-kita-temui-dia-adalah-guru.jpg","[]","2025-10-08 07:44:40.745351+00","2025-10-08 07:44:40.745367+00","135"
"136","0.00","https://c.superprof.com/i/a/5612486/2772241/600/20220419122700/mahasiswa-hukum-umaha-spanjang-sidoarjo-menawarkan-khursus-belajar-bermain-bola-khususnya-untuk-penjaga-gawang-untuk-menjadi-pemain.jpg","[]","2025-10-08 07:44:41.072328+00","2025-10-08 07:44:41.072349+00","136"
"137","0.00","https://c.superprof.com/i/a/9063533/4739263/600/20220419122700/guru-penjasorkes-yang-bisa-membantu-untuk-menjawab-pertanyaan-tentang-olahraga-terutama-futsal.jpg","[]","2025-10-08 07:44:41.379779+00","2025-10-08 07:44:41.379788+00","137"
"138","5.00","https://c.superprof.com/i/a/12431247/6460751/600/20221214094742/group-private-training-badminton-pelatihan-badminton-dengan-sistem-group-maupun-private-dengan-sistem-drilling-shuttle-dan.jpg","[]","2025-10-08 07:48:17.518107+00","2025-10-08 07:48:17.51813+00","138"
"139","5.00","https://c.superprof.com/i/a/13031320/6808783/600/20221125115238/mengajarkan-dasar-bermain-bulutangkis-dan-teknik-untuk-menjadi-pemain-profesional-tingkat-nasional-maupun-international-hub.jpg","[]","2025-10-08 07:48:17.836288+00","2025-10-08 07:48:17.836312+00","139"
"140","5.00","https://c.superprof.com/i/a/8119589/4185583/600/20230624223932/belajar-bulu-tangkis-badminton-untuk-pemula-diajarkan-mulai-dari-nol-sampai-dengan-bisa.jpg","[]","2025-10-08 07:48:18.146476+00","2025-10-08 07:48:18.146494+00","140"
"141","5.00","https://c.superprof.com/i/a/16497318/8374868/600/20230103175402/ingin-menjadi-pemain-professional-saya-akan-membantu-anda-dengan-berbagai-program-mendasar-dan-teknik-untuk-menjadi-pemain-yang.jpg","[]","2025-10-08 07:48:18.653635+00","2025-10-08 07:48:18.653644+00","141"
"142","5.00","https://c.superprof.com/i/a/21660902/10404291/600/20220816181158/pelatih-badminton-untuk-level-basic-hingga-profesional-lulusan-alumni-atlet-binaan-djarum-yuk-gabung-bisa-untuk-segala-umur.jpg","[]","2025-10-08 07:48:18.960941+00","2025-10-08 07:48:18.960951+00","142"
"143","5.00","https://c.superprof.com/i/a/25005513/11408754/600/20230214092029/satu-satunya-pelatih-memberikan-garansi-uang-100-kembali-jika-tidak-ada-perkembangan-berlaku-snk.jpg","[]","2025-10-08 07:48:19.275471+00","2025-10-08 07:48:19.275483+00","143"
"144","4.90","https://c.superprof.com/i/a/8106108/4177414/600/20241230102414/bisa-bermain-bulu-tangkis-dari-sampai-bisa-percaya-diri-bermain-dengan-teman-teman-anda-tentu-bisa-saya-menggunakan-metode.jpg","[]","2025-10-08 07:48:19.592048+00","2025-10-08 07:48:19.592065+00","144"
"145","5.00","https://c.superprof.com/i/a/18325685/10176031/600/20250326135604/berpengalaman-dikampus-olahraga-terbaik-jakarta-mengajar-private-bulutangkis-berlokasi-area-terbuka-atau-gor-terdekat-dari.jpg","[]","2025-10-08 07:48:19.911281+00","2025-10-08 07:48:19.911294+00","145"
"146","5.00","https://c.superprof.com/i/a/27907710/12436158/600/20240127042226/badminton-coach-pelatih-bulu-tangkis-sudah-bermain-badminton-selama-tahun-sampai-sekarang-melatih-murid-untuk-berbagai-umur.jpg","[]","2025-10-08 07:48:20.233363+00","2025-10-08 07:48:20.233373+00","146"
"147","5.00","https://c.superprof.com/i/a/14365790/7305604/600/20230218183127/pemain-berpengalaman-tahun-lebih-dan-siap-mengajar-baik-anak-anak-maupun-dewasa.jpg","[]","2025-10-08 07:48:20.787001+00","2025-10-08 07:48:20.787022+00","147"
"148","5.00","https://c.superprof.com/i/a/22867648/10712267/600/20221219134102/saya-menguasai-setiap-tekhnik-badminton-dan-saya-punya-public-speaking-yang-bagus-saya-yakin-saya-bisa-mengajari-dengan-baik-dan.jpg","[]","2025-10-08 07:48:21.088598+00","2025-10-08 07:48:21.088616+00","148"
"149","5.00","https://c.superprof.com/i/a/34014561/14709235/600/20241202121346/coach-badminton-aksara-badminton-club-partner-drilling-big-ace-tennis-society-bekasi.jpg","[]","2025-10-08 07:48:21.39935+00","2025-10-08 07:48:21.399363+00","149"
"150","5.00","https://c.superprof.com/i/a/27978420/12463364/600/20230916200641/atlet-bulutangkis-professional-dengan-pengalaman-lebih-dari-tahun-dan-berpengalaman-dalam-pelatihan.jpg","[]","2025-10-08 07:48:21.714361+00","2025-10-08 07:48:21.714371+00","150"
"151","5.00","https://c.superprof.com/i/a/36381020/15669789/600/20250511114926/hai-saya-michael-akan-mengajari-mulai-dari-dasar-hingga-expert-dalam-bermain-basket.jpg","[]","2025-10-08 07:48:22.01731+00","2025-10-08 07:48:22.017321+00","151"
"152","5.00","https://c.superprof.com/i/a/33401517/14493422/600/20241018185303/dengan-pengalaman-bermain-badminton-otodidak-dari-sampai-sekarang-titik-mempunyai-murid-yang-saya-dirikan-sendiri-saya.jpg","[]","2025-10-08 07:48:22.307913+00","2025-10-08 07:48:22.307924+00","152"
"153","5.00","https://c.superprof.com/i/a/24337886/12495890/600/20240721110704/saya-siap-membantu-anda-dengan-berbagai-program-mendasar-dan-teknik-untuk-menjadi-pemain-profesional-dalam-bermain-bulutangkis.jpg","[]","2025-10-08 07:48:22.588107+00","2025-10-08 07:48:22.588117+00","153"
"154","5.00","https://c.superprof.com/i/a/32566613/14176250/600/20240829140610/pemain-spesialis-ganda-berpengalaman-belasan-tahun-siap-mengajar-level-beginner-sampai-intermediate-mengerti-juga-tentang-raket.jpg","[]","2025-10-08 07:48:22.872495+00","2025-10-08 07:48:22.872509+00","154"
"155","5.00","https://c.superprof.com/i/a/5938025/2947645/600/20230119124748/badminton-coach-berpengalaman-sabar-dan-teliti-hanya-menerima-latihan-dari-kota-tertentu-saja.jpg","[]","2025-10-08 07:48:24.748389+00","2025-10-08 07:48:24.748397+00","155"
"156","5.00","https://c.superprof.com/i/a/38053947/16399056/600/20250819173713/sudah-berlatih-lebih-dari-000-jam-sirnas-dan-bwf-mampu-melatih-dari-basic-sampai-advance.jpg","[]","2025-10-08 07:48:25.071404+00","2025-10-08 07:48:25.071413+00","156"
"157","5.00","https://c.superprof.com/i/a/21085656/10171335/600/20220905093414/kursus-badminton-fun-and-professional-mulai-usia-tahun-biaya-terjangkau-dan-dijamin-bisa-bwf-coach-certified.jpg","[]","2025-10-08 07:48:25.553476+00","2025-10-08 07:48:25.553492+00","157"
"158","0.00","https://c.superprof.com/i/a/29949180/13227531/600/20240217122912/hai-salam-kenal-saya-coach-angga-buat-adik-adik-yang-mau-bisa-main-basket-dengan-trik-dan-strategi-yang-bedaaaa-sama-lain-mari.jpg","[]","2025-10-08 07:48:25.858239+00","2025-10-08 07:48:25.858249+00","158"
"159","5.00","https://c.superprof.com/i/a/34585401/14917124/600/20250116151906/saya-seorang-mahasiswa-salah-satu-universitas-semarang-dan-sekarang-saya-lagi-mahir-dunia-olahraga-terutama-badminton.jpg","[]","2025-10-08 07:48:26.188396+00","2025-10-08 07:48:26.188409+00","159"
"160","5.00","https://c.superprof.com/i/a/26433273/11907960/600/20230523113518/memiliki-pengalaman-berlatih-sebagai-atlet-bulutangkis-selama-tahun-jadi-atlet-tim-nasional-indonesia-pbsi-selama-tahun.jpg","[]","2025-10-08 07:48:26.503855+00","2025-10-08 07:48:26.503869+00","160"
"161","5.00","https://c.superprof.com/i/a/24461279/11188258/600/20231219204953/mantan-peringkat-nasional-tunggal-putra-bulutangkis-pengalaman-nasional-dan-internasional-biaya-belum-termasuk-sewa-lapangan-dan.jpg","[]","2025-10-08 07:48:26.806736+00","2025-10-08 07:48:26.806764+00","161"
"162","4.80","https://c.superprof.com/i/a/8456946/4389086/600/20230220134850/jamin-cepet-bisa-bermain-jago-dalam-bola-basket-dengan-metode-latihan-yang-saya-ajarkan.jpg","[]","2025-10-08 07:48:27.320853+00","2025-10-08 07:48:27.320862+00","162"
"163","0.00","https://c.superprof.com/i/a/35303034/15203725/600/20250226172638/belajar-badminton-dari-nol-kami-bantu-sampai-bisa-tidak-ada-kata-terlambat-selama-ada-niat-untuk-belajar-dan-berkembang.jpg","[]","2025-10-08 07:48:27.630821+00","2025-10-08 07:48:27.630839+00","163"
"164","5.00","https://c.superprof.com/i/a/21376957/14368070/600/20240928040044/are-open-exercise-training-private-badminton-group-class-individual-class-semua-usia-level-beginner-beginner.jpg","[]","2025-10-08 07:48:28.118247+00","2025-10-08 07:48:28.118266+00","164"
"165","5.00","https://c.superprof.com/i/a/26068783/13635689/600/20240509012330/pelatih-bulu-tangkis-untuk-pemula-mengajar-permainan-dasar-bulu-tangkis-semua-kalangan.jpg","[]","2025-10-08 07:48:28.436203+00","2025-10-08 07:48:28.436231+00","165"
"166","5.00","https://c.superprof.com/i/a/16734341/8487819/600/20240804155701/welcome-terbuka-banget-untuk-semua-orang-baik-yang-baru-mau-belajar-bulutangkis-sampai-yang-mahir-dari-anak-hingga-dewasa-juga.jpg","[]","2025-10-08 07:48:28.79162+00","2025-10-08 07:48:28.79164+00","166"
"167","5.00","https://c.superprof.com/i/a/24636444/11256836/600/20231010165427/latihan-bareng-pelatih-wanita-badminton-berpengalaman-buka-kelas-privat-khusus-wanita-yang-mau-naik-level-beginner-dan.jpg","[]","2025-10-08 07:48:29.14321+00","2025-10-08 07:48:29.143227+00","167"
"168","5.00","https://c.superprof.com/i/a/32873728/14291091/600/20240917173541/saya-sebagai-mantan-atlet-dari-salah-satu-club-jakarta-barat-yang-sudah-berlatih-lebih-dari-tahun-terjun-dunia-kepelatihan.jpg","[]","2025-10-08 07:48:29.564262+00","2025-10-08 07:48:29.564282+00","168"
"169","5.00","https://c.superprof.com/i/a/34643634/15206958/600/20250403032733/latihan-private-group-basic-badminton-untuk-beginner-sampai-intermediate-semua-usia-metode-pelatihan-akan-disesuaikan-dengan.jpg","[]","2025-10-08 07:48:31.423988+00","2025-10-08 07:48:31.424011+00","169"
"170","5.00","https://c.superprof.com/i/a/29982324/13241661/600/20241001105826/latihan-bulu-tangkis-yang-efektif-dan-efisien-agar-menguasai-teknik-yang-baik-available-english.jpg","[]","2025-10-08 07:48:31.760224+00","2025-10-08 07:48:31.760241+00","170"
"171","0.00","https://c.superprof.com/i/a/34000207/14718136/600/20241204071355/hallo-badminton-lovers-saya-dedi-telah-bermain-bulutangkis-sejak-tahun-yang-lalu-bagi-semua-sahabat-yang-ingin-private-untuk-pemula.jpg","[]","2025-10-08 07:48:32.070786+00","2025-10-08 07:48:32.070799+00","171"
"172","0.00","https://c.superprof.com/i/a/26691341/11963920/600/20230603184621/saya-bisa-mengajarkan-dasar-dasar-bermain-badminton-saya-juga-akan-melakukan-terutama-langkah-dan-biasanya-dilanjutkan-drilling.jpg","[]","2025-10-08 07:48:32.381807+00","2025-10-08 07:48:32.381825+00","172"
"173","0.00","https://c.superprof.com/i/a/27949493/12452413/600/20230913103828/pelatda-memiliki-sertfikat-dan-pengalaman-mengajar-20th-untuk-usia-59th.jpg","[]","2025-10-08 07:48:32.710341+00","2025-10-08 07:48:32.710366+00","173"
"174","0.00","https://c.superprof.com/i/a/36846575/15885526/600/20250611162606/lulusan-sekolah-smk-saya-hobi-main-badminton-dan-dari-saya-sudah-dilatih.jpg","[]","2025-10-08 07:48:33.03428+00","2025-10-08 07:48:33.034288+00","174"
"175","0.00","https://c.superprof.com/i/a/34083360/14732997/600/20241207174030/saya-dulu-pernah-melatih-7orang-yang-enggak-bisa-main-sama-lagi-selama-tahun-dan-mereka-bisa-sampai-o2sn-tingkatkota-dan-saya.jpg","[]","2025-10-08 07:48:33.35224+00","2025-10-08 07:48:33.352272+00","175"
"176","0.00","https://c.superprof.com/i/a/5849002/9739364/600/20230623014206/saya-adalah-mantan-atlet-pernah-menjadi-atlet-untuk-bermain-sektor-single-dan-double-saya-pernah-melatih-anak-anak-salah-satu.jpg","[]","2025-10-08 07:48:33.657319+00","2025-10-08 07:48:33.657338+00","176"
"177","0.00","https://c.superprof.com/i/a/30876017/13523061/600/20240423233259/bersertifikasi-penataran-pelatih-bulutangkis-indonesia-tingkat-nasional-pemain-djarum-jakarta-mengajarkan-bulutangkis.jpg","[]","2025-10-08 07:48:34.00341+00","2025-10-08 07:48:34.003419+00","177"
"178","0.00","https://c.superprof.com/i/a/38426894/16537161/600/20250904014027/saya-akan-mengajarkan-berapa-trik-sederhana-tetangga-badminton-tapi-sangat-berguna-jika-pertandingan.jpg","[]","2025-10-08 07:48:34.31741+00","2025-10-08 07:48:34.317455+00","178"
"179","5.00","https://c.superprof.com/i/a/5193054/2516709/600/20220419122700/mahasiswa-teknik-menawarkan-kepelatihan-bulutangkis-dengan-konsep-yang-tidak-bisa-menjadi-bisa-yanh-sudah-bisa-dapat-mencetak.jpg","[]","2025-10-08 07:48:34.63169+00","2025-10-08 07:48:34.631722+00","179"
"180","0.00","https://c.superprof.com/i/a/34671658/16367658/600/20250224101414/lulusan-pendidikan-olahraga-siap-mengajari-dan-membimbing-sesuai-dengan-kebutuhan-siswa.jpg","[]","2025-10-08 07:48:34.954944+00","2025-10-08 07:48:34.954963+00","180"
"181","0.00","https://c.superprof.com/i/a/37626100/16201090/600/20250722172722/saya-merupakan-pemain-bulu-tangkis-tingkat-menengah-saya-mampu-memberikan-pengajaran-kepada-peserta-dengan-maksimal-demi-mendapatkan.jp","[]","2025-10-08 07:48:35.474165+00","2025-10-08 07:48:35.474174+00","181"
"182","5.00","https://c.superprof.com/i/a/33303455/16190043/600/20250721164103/passionate-about-racquet-sports-and-have-experience-playing-tennis-badminton-squash-and-table-tennis-enjoy-helping-players.jpg","[]","2025-10-08 07:48:35.819479+00","2025-10-08 07:48:35.819489+00","182"
"183","0.00","https://c.superprof.com/i/a/33548998/14547339/600/20250622052624/lulusan-pendidikan-kepelatihan-olahraga-pengalaman-melatih-selama-tahun-dan-pernah-melatih-bulutangkis-china.jpg","[]","2025-10-08 07:48:36.14688+00","2025-10-08 07:48:36.14689+00","183"
"184","0.00","https://c.superprof.com/i/a/37011016/15950983/600/20250620085323/tahun-pengalaman-melatih-badminton-pernah-menjadi-pelatih-saudi-arabia-saat-ini-menjabat-sebagai-lead-badminton.jpg","[]","2025-10-08 07:48:36.493788+00","2025-10-08 07:48:36.49381+00","184"
"185","0.00","https://c.superprof.com/i/a/36728124/15833503/600/20250605032450/pelatih-bulutangkis-waktu-flexibel-private-semi-private-bisa-anak-usia-dini-hingga-dewasa-usia-tahun.jpg","[]","2025-10-08 07:48:36.815075+00","2025-10-08 07:48:36.815087+00","185"
"186","0.00","https://c.superprof.com/i/a/28687101/12737544/600/20250307132411/lulusan-sekolah-club-bulutangkis-terbaik-pada-tahun-itu-jaya-raya-menjuarai-berbagai-kompetisi-mulai-dari-tingkat-sekolah-hingga.jpg","[]","2025-10-08 07:48:38.492272+00","2025-10-08 07:48:38.492289+00","186"
"187","0.00","https://c.superprof.com/i/a/26910093/12046524/600/20240226114323/pemain-yang-aktif-bermain-badminton-mengajar-badminton-untuk-pemula-anak-anak-metodologi-latihan-menyenangkan-santai-tapi-efektif.jpg","[]","2025-10-08 07:48:38.818448+00","2025-10-08 07:48:38.818484+00","187"
"188","0.00","https://c.superprof.com/i/a/32543099/14167016/600/20240828020103/pernah-training-kepelatihan-pbsi-tentang-melatih-teknik-dan-bermain-bulutangkis-tidak-kaku-dan-sabar-dalam-mengajar.jpg","[]","2025-10-08 07:48:39.198629+00","2025-10-08 07:48:39.198653+00","188"
"189","0.00","https://c.superprof.com/i/a/32372790/14103822/600/20240815052437/wujudkan-potensi-anda-lapangan-kelas-badminton-eksklusif-dengan-pelatih-profesional-juara.jpg","[]","2025-10-08 07:48:39.881775+00","2025-10-08 07:48:39.881787+00","189"
"190","0.00","https://c.superprof.com/i/a/28866623/12828240/600/20231128092043/latihan-drilling-bulutangkis-khusus-dewasa-lokasi-gor-lenaka-kalibaru-bekasi-barat-request-untuk-gor-lain-dpt-saya.jpg","[]","2025-10-08 07:48:40.187166+00","2025-10-08 07:48:40.187178+00","190"
"191","0.00","https://c.superprof.com/i/a/35727100/15379982/600/20250324175109/saya-adalah-pelatih-basket-berlisensi-yang-memiliki-pengalaman-melatih-beberapa-sekolah-maupun-academy.jpg","[]","2025-10-08 07:48:40.494647+00","2025-10-08 07:48:40.494662+00","191"
"192","0.00","https://c.superprof.com/i/a/17458646/8722249/600/20230929084136/mempunyai-pengalaman-yang-cukup-lama-bidang-pelatihan-badminton-punya-club-badminton-biasa-melatih-anak-anak-sampai-dewasa.jpg","[]","2025-10-08 07:48:40.979202+00","2025-10-08 07:48:40.979223+00","192"
"193","0.00","https://c.superprof.com/i/a/29275767/16766069/600/20251007072604/lulusan-sekolah-olahraga-saya-mengajar-murid-dengan-kebutuhan-dan-mampuan-saya-sendiri.jpg","[]","2025-10-08 07:48:41.294535+00","2025-10-08 07:48:41.294551+00","193"
"194","0.00","https://c.superprof.com/i/a/10601735/5575887/600/20220419122700/mempelajari-pelatihan-dasar-materi-teori-fisik-dan-metal-bidang-akademik-hingga-pelatihan-khusus-fisik-dalam-pengembangan-sesuai.jpg","[]","2025-10-08 07:48:41.591187+00","2025-10-08 07:48:41.591213+00","194"
"195","0.00","https://c.superprof.com/i/a/33300849/16699135/600/20250927024257/mahasiswa-semester-akhir-universitas-pendidikan-indonesia-jurusan-ilmu-keolahragaan-siap-menjadi-guru-yang-teladan.jpg","[]","2025-10-08 07:48:41.947152+00","2025-10-08 07:48:41.947183+00","195"
"196","0.00","https://c.superprof.com/i/a/38731025/16655072/600/20250920163343/lulusan-sekolah-bulutangkis-kota-bogor-jawa-barat-smpinfokom-lulusan-otomotif-kota-bogor-jawa-barat.jpg","[]","2025-10-08 07:48:42.274265+00","2025-10-08 07:48:42.274275+00","196"
"197","0.00","https://c.superprof.com/i/a/38713004/16647962/600/20250919135635/saya-adalah-lulusann-sarjana-olahraga-mari-memulai-berlatih-bermain-tenis-dan-bulu-tangkis-meningkatkan-cabang-olahraga-diindonesia.jpg","[]","2025-10-08 07:48:42.57366+00","2025-10-08 07:48:42.573669+00","197"
"198","0.00","https://c.superprof.com/i/a/38635958/16619212/600/20250918211136/lulus-sekolah-tenis-saya-akan-mengikuti-pertandingan-yang-membuat-saya-dapat-berhasil.jpg","[]","2025-10-08 07:48:42.89697+00","2025-10-08 07:48:42.896983+00","198"
"199","0.00","https://c.superprof.com/i/a/38559237/16588274/600/20250911025708/lulusan-sekolah-saya-mengajarkan-sebuah-teknik-awal-tenis-meja-dan-juga-bulutangkis.jpg","[]","2025-10-08 07:48:43.236624+00","2025-10-08 07:48:43.236633+00","199"
"200","0.00","https://c.superprof.com/i/a/38446266/16544602/600/20250905020430/halo-saya-kak-edi-seorang-pemain-pelatih-berpengalaman-yang-siap-membantu-anda-meningkatkan-kemampuan-badminton.jpg","[]","2025-10-08 07:48:43.551992+00","2025-10-08 07:48:43.552011+00","200"
"201","0.00","https://c.superprof.com/i/a/38427538/16537406/600/20250904030613/saya-adalah-salah-satu-atlit-sekolah-pada-masanya-yang-bisa-berbagai-olahraga-dan-kemudian-saya-dapat-memberi-pengajaran-sesuai.jpg","[]","2025-10-08 07:48:44.064425+00","2025-10-08 07:48:44.064434+00","201"
"202","0.00","https://c.superprof.com/i/a/38200281/16451849/600/20250823040902/lulusan-terbaik-bulutangkis-siap-mengajar-ayo-saya-berpengalaman-bidang-inidan-mahir-ayo-daftar.jpg","[]","2025-10-08 07:48:46.437731+00","2025-10-08 07:48:46.437741+00","202"
"203","0.00","https://c.superprof.com/i/a/38013734/16383640/600/20250812233803/saya-adalah-seorang-yang-bersemangat-dan-berdedikasi-dengan-keahlian-bidang-tenis-dan-bulu-tangkis-berbekal-pengalaman-bermain.jpg","[]","2025-10-08 07:48:47.05679+00","2025-10-08 07:48:47.056816+00","203"
"204","0.00","https://c.superprof.com/i/a/37862218/16313531/600/20250804033525/saya-lulusan-sekolah-yang-jurusan-administrasi-akan-tetapi-saya-juga-mahir-dalam-tenis-meja.jpg","[]","2025-10-08 07:48:47.598558+00","2025-10-08 07:48:47.598576+00","204"
"205","0.00","https://c.superprof.com/i/a/37673439/16224071/600/20250725024938/saya-lulusan-kepelatihan-olahraga-universitas-negeri-padang-sekarang-sedang-melatih-unp-badminton-acadmi.jpg","[]","2025-10-08 07:48:48.49162+00","2025-10-08 07:48:48.491632+00","205"
"206","0.00","https://c.superprof.com/i/a/14177360/16122750/600/20250712053850/melatih-bulu-tangkis-sesuai-kebutuhan-murid-saya-saya-akan-bimbing-sampai-pandai.jpg","[]","2025-10-08 07:48:48.795523+00","2025-10-08 07:48:48.795533+00","206"
"207","0.00","https://c.superprof.com/i/a/37426949/16122549/600/20250712044905/lulusan-sekolah-terbaik-saya-bisa-mengajarkan-berbagai-teknik-bulu-tangkis-sesuai-dengan-kebutuhan-murid-saya.jpg","[]","2025-10-08 07:48:49.111004+00","2025-10-08 07:48:49.111013+00","207"
"208","0.00","https://c.superprof.com/i/a/37280131/16061366/600/20250704144758/tentu-berikut-contoh-deskripsi-tentang-anda-seolah-olah-anda-adalah-seorang-guru-bulu-tangkis-terbaik-dan-lulusan-universitas.jpg","[]","2025-10-08 07:48:49.417303+00","2025-10-08 07:48:49.417312+00","208"
"209","0.00","https://c.superprof.com/i/a/36450952/15858920/600/20250608171035/saya-akan-mengajarkan-murid-saya-mulai-dari-teknik-sampai-sebisa-bisanya-untuk-menjadi-atlet-masa-depan.jpg","[]","2025-10-08 07:48:49.875372+00","2025-10-08 07:48:49.875382+00","209"
"210","0.00","https://c.superprof.com/i/a/36617666/15772753/600/20250527085143/ikut-latihan-badminton-bareng-pelatih-berpengalaman-sesi-seru-teknik-tepat-cocok-buat-semua-level-dari-pemula-sampai-pro.jpg","[]","2025-10-08 07:48:50.180308+00","2025-10-08 07:48:50.180324+00","210"
"211","0.00","https://c.superprof.com/i/a/34317109/14813832/600/20241231182521/lulusan-badminton-terbaik-wilayah-kabupaten-banyuwangi-menyabet-beberapa-kejuaraan-dilingkup-kabupaten-banyuwangi.jpg","[]","2025-10-08 07:48:50.476822+00","2025-10-08 07:48:50.476833+00","211"
"212","0.00","https://c.superprof.com/i/a/34176180/14764203/600/20241215160322/mengajar-bulu-tangkis-untuk-semua-kalangan-dengan-cara-mengajar-yang-menyenangkan-dan-tidak-membosankan.jpg","[]","2025-10-08 07:48:50.828417+00","2025-10-08 07:48:50.828428+00","212"
"213","0.00","https://c.superprof.com/i/a/32285594/14072269/600/20240807132134/saya-adalah-lulusan-sarjana-olahraga-unesa-dan-memiliki-cukup-baik-dalam-berbahasa-asing.jpg","[]","2025-10-08 07:48:51.144111+00","2025-10-08 07:48:51.144129+00","213"
"214","0.00","https://c.superprof.com/i/a/32092747/13998606/600/20240723184325/lulusan-sekolah-tinggi-ilmu-kesehatan-jurusan-kebidanan-terutama-saya-menyukai-badminton-menjadikan-saya-tertarik-untuk-mencoba-hal.jpg","[]","2025-10-08 07:48:51.441948+00","2025-10-08 07:48:51.441984+00","214"
"215","0.00","https://c.superprof.com/i/a/31072173/13597654/600/20240427050921/syaa-pemenang-o2sn-bulutangkis-tingkat-prov-dan-saya-akan-mengajarkan-merekacaracra-nya.jpg","[]","2025-10-08 07:48:51.741122+00","2025-10-08 07:48:51.741143+00","215"
"216","0.00","https://c.superprof.com/i/a/27970945/12781963/600/20231119150509/lulusan-sekolah-dengan-kemampuan-mengoperasikan-office-dengan-baik-guna-mempersiapkan-diri-agar-bisa-bersaing-dunia-kerja.jpg","[]","2025-10-08 07:48:52.053298+00","2025-10-08 07:48:52.053309+00","216"
"217","0.00","https://c.superprof.com/i/a/27948773/12451872/600/20230913092940/lulusan-sekolah-olahragawan-terbaik-yang-pernah-mengikuti-berbagai-macam-olahraga-tingkat-kabupaten.jpg","[]","2025-10-08 07:48:52.335071+00","2025-10-08 07:48:52.335082+00","217"
"218","4.50","https://c.superprof.com/i/a/15050489/7664840/600/20220419122700/saya-krisnadi-wibisono-menawarkan-latihan-private-badminton-dari-smp-sma-dan-mahasiswa-ataupun-ibu-ibu-bapak-bapak-saya.jpg","[]","2025-10-08 07:48:53.980753+00","2025-10-08 07:48:53.980762+00","218"
"219","0.00","https://c.superprof.com/i/a/39012817/16765466/600/20251007042101/lulusan-sekolah-dengan-jurusan-pendidikan-olahraga-dan-saya-mengajarkan-pembelajaran-sesuai-dengan-kebutuhan-murid.jpg","[]","2025-10-08 07:48:54.268893+00","2025-10-08 07:48:54.268905+00","219"
"220","0.00","https://c.superprof.com/i/a/38829955/16693141/600/20250926031508/lulusan-sekolahsmkdengan-pencapaian-pernah-mengikuti-lomba-anter-kota-dan-kabupaten-juara-dan.jpg","[]","2025-10-08 07:48:54.538059+00","2025-10-08 07:48:54.538072+00","220"
"221","0.00","https://c.superprof.com/i/a/38810698/16686356/600/20250927204424/lulusan-sekolahbulu-tangkis-saya-akan-mengajar-murid-saya-sampai-pandai-dan-handal.jpg","[]","2025-10-08 07:48:54.85132+00","2025-10-08 07:48:54.851333+00","221"
"222","0.00","https://c.superprof.com/i/a/38700696/16643354/600/20250918191640/saya-bisa-membantu-orang-yang-membutuhkan-dan-saya-siap-nerima-apapun-itu.jpg","[]","2025-10-08 07:48:55.149633+00","2025-10-08 07:48:55.149654+00","222"
"223","0.00","https://c.superprof.com/i/a/38699176/16642781/600/20250918174706/saat-anda-lah-cari-lah-teman-mau-menjadi-guru-untuk-muu-karna-guru-tidakhnya-skola-tapi-guru-juga-bisa-berbentukk-teman-dan.jpg","[]","2025-10-08 07:48:55.451214+00","2025-10-08 07:48:55.451227+00","223"
"224","0.00","https://c.superprof.com/i/a/38392997/16524411/600/20250902130148/lulusan-dengan-ujian-komputer-terbaik-semoga-kedepan-nya-lebih-baik-dan-lebih-semangat.jpg","[]","2025-10-08 07:48:55.755691+00","2025-10-08 07:48:55.7557+00","224"
"225","0.00","https://c.superprof.com/i/a/37921371/16342696/600/20250807145432/belajar-bulu-tangkis-bersama-pelatih-berpengalaman-dari-pemula-hingga-mahir-ayo-daftar.jpg","[]","2025-10-08 07:48:56.076162+00","2025-10-08 07:48:56.076183+00","225"
"226","0.00","https://c.superprof.com/i/a/37634570/16204730/600/20250723041020/saya-ketua-eskul-bulu-tangkis-sma-dan-saya-juga-punya-skill-yang-mungkin-bisa-diajari-kepada-semua-kalangan.jpg","[]","2025-10-08 07:48:56.587161+00","2025-10-08 07:48:56.58717+00","226"
"227","0.00","https://c.superprof.com/i/a/37593521/16185115/600/20250721062333/kursus-bulu-tangkis-khusus-teknik-dasar-footwork-dan-strategi-permainan-berpengalaman-sebagai-atlet-dan-pelatih-siap.jpg","[]","2025-10-08 07:48:56.898216+00","2025-10-08 07:48:56.898225+00","227"
"228","0.00","https://c.superprof.com/i/a/33479231/14522531/600/20241024062511/lulusan-dibidang-olahraga-tenis-meteologis-belajar-dari-awal-itu-sangat-menyenangkanbuat-badan-menjadi-lebih-etnis-dan-sehat-selalu.jpg","[]","2025-10-08 07:48:57.395951+00","2025-10-08 07:48:57.395964+00","228"
"229","0.00","https://c.superprof.com/i/a/28515500/12671926/600/20231026035254/contoh-saya-pribadi-sangat-puas-dengan-kemajuan-anak-saya-lim-saya-saya-mengajar-vocal-dan-gitar-dengan-metode-yang-saya.jpg","[]","2025-10-08 07:48:57.869288+00","2025-10-08 07:48:57.869303+00","229"
"230","0.00","https://c.superprof.com/i/a/28488414/12661825/600/20231024173747/lulusan-smk-jurusan-desain-komunikasi-visual-yang-sedang-menempuh-pendidikan-jurusan-pendidikan-kepelatihan-olahraga-bidang.jpg","[]","2025-10-08 07:48:58.167309+00","2025-10-08 07:48:58.167329+00","230"
"231","0.00","https://c.superprof.com/i/a/28005680/12474460/600/20230919145238/lulusan-sma-berbasis-olahraga-mengajar-futsal-dan-bulu-tangkis-untuk-jenjang-menengah-dan-atas-saat-ini-bersekolah-juga-stkip.jpg","[]","2025-10-08 07:48:58.458062+00","2025-10-08 07:48:58.458075+00","231"
"232","0.00","https://c.superprof.com/i/a/27954116/12454016/600/20230913153134/belajar-lah-selagi-ada-umur-jangan-kamu-menyesal-umur-tua-nanti.jpg","[]","2025-10-08 07:48:58.752711+00","2025-10-08 07:48:58.752719+00","232"
"233","0.00","https://c.superprof.com/i/a/26824913/12015306/600/20230624053640/juara-popda-top-seleksi-nasional-jogja-top-skor-popda-pts-final.jpg","[]","2025-10-08 07:49:00.345127+00","2025-10-08 07:49:00.345151+00","233"
"234","0.00","https://c.superprof.com/i/a/38757657/16666045/600/20250922103015/lulusan-universitas-ugm-dan-mengambil-fakultas-olahraga-dan-menjadi-guru-olah-raga.jpg","[]","2025-10-08 07:49:00.649455+00","2025-10-08 07:49:00.649474+00","234"
"235","0.00","https://c.superprof.com/i/a/37846817/16307150/600/20250803072126/lulusan-akademi-tehnis-aja-alhamdulillah-dan-disana-saya-mendapat-penghargaan-pasti-bangga-banget-yuk-main-bareng.jpg","[]","2025-10-08 07:49:00.949269+00","2025-10-08 07:49:00.94928+00","235"
"236","0.00","https://c.superprof.com/i/a/38261470/16647856/600/20250919133833/tenis-meja-adalah-olahraga-yang-populer-seluruh-dunia-eropa-asia-tenggara.jpg","[]","2025-10-08 07:49:01.255641+00","2025-10-08 07:49:01.25565+00","236"
"237","0.00","https://c.superprof.com/i/a/13952894/7142390/600/20220419122700/tehnik-dasar-bermain-bulutangkis-untuk-pemula-dari-tingkat-anak-anak-sampai-dewasa-mulai-dari-cara-memegang-raket-sampai-pukulan.jpg","[]","2025-10-08 07:49:01.566574+00","2025-10-08 07:49:01.566586+00","237"
"238","0.00","https://c.superprof.com/i/a/13819792/7091896/600/20220419122700/berlisensi-dan-bersertifikat-menerima-pirivate-badminton-maksimal-org-sekali-pertemuan-siap-dtg-lokasi.jpg","[]","2025-10-08 07:49:01.881682+00","2025-10-08 07:49:01.881703+00","238"
"239","0.00","https://c.superprof.com/i/a/12552832/6532856/600/20220419122700/saya-mahasiswi-business-namun-saya-mempelajari-berbagai-bidang-ilmu-saya-menawarkan-kursus-biologi-saya-dari-universitas-bilbilical.jpg","[]","2025-10-08 07:49:02.393564+00","2025-10-08 07:49:02.393583+00","239"
"240","0.00","https://c.superprof.com/i/a/14467007/7356531/600/20220419122700/mahasiswa-international-dari-malaysia-siap-mengajar-teknik-bulu-tangkis-dan-menyiapkan-buat-turnamen-mewakili-kota-kuala-lumpur.jpg","[]","2025-10-08 07:49:02.703209+00","2025-10-08 07:49:02.70322+00","240"
"241","0.00","https://c.superprof.com/i/a/3997679/1873257/600/20220419122700/jika-anda-berminat-mencari-teman-berlatih-badminton-khusus-daerah-pasar-minggu-jak-sel-segera-hubungi-saya-yachhhh.jpg","[]","2025-10-08 07:49:03.018302+00","2025-10-08 07:49:03.018326+00","241"
"242","5.00","https://c.superprof.com/i/a/27378162/12289862/600/20241101051922/profesional-ibl-satria-muda-2018-2019-bumi-borneo-2021-2022-berlisensi-fundamental-individual-skills-trainer.jpg","[]","2025-10-08 07:50:01.900781+00","2025-10-08 07:50:01.900791+00","242"
"243","5.00","https://c.superprof.com/i/a/25127177/11459319/600/20250815025349/dapat-mengajar-basket-dengan-teknik-dasar-sampai-bisa-bermain-dengan-baik-silahkan-hubungi-saya.jpg","[]","2025-10-08 07:50:02.332828+00","2025-10-08 07:50:02.332839+00","243"
"244","5.00","https://c.superprof.com/i/a/19812672/11918742/600/20230517082526/jdi-basket-perbedaan-orang-biasa-dan-orang-yang-bermain-basket-orang-yang-bermain-basket-pasti-lebih-bagus-dari-kepercayaan-diri.jpg","[]","2025-10-08 07:50:03.107947+00","2025-10-08 07:50:03.107974+00","244"
"245","0.00","https://c.superprof.com/i/a/36549963/15746294/600/20250523094013/menjadi-pelatih-voli-berpengalaman-siap-membantu-mengembangkan-kemampuan-tim-anda-pengalaman-melatih-tim-sekolah-klub-hingga.jpg","[]","2025-10-08 07:50:03.55289+00","2025-10-08 07:50:03.552917+00","245"
"246","5.00","https://c.superprof.com/i/a/27578991/12309405/600/20250102182023/coach-basket-semi-finalist-dbl-jakarta-mvp-dan-finals-mvp-piskg-basketball-cup-scoring-leader-ipeka-sunter-basketball.jpg","[]","2025-10-08 07:50:04.046801+00","2025-10-08 07:50:04.046839+00","246"
"247","5.00","https://c.superprof.com/i/a/24257425/11106242/600/20221219054905/lulusan-pendidikan-guru-sekolah-dasar-pernah-menjadi-pelatih-basket-smp-sma-selama-tahun-melatih-fundamental-tentang-permainan.jpg","[]","2025-10-08 07:50:04.445156+00","2025-10-08 07:50:04.445176+00","247"
"248","5.00","https://c.superprof.com/i/a/20573031/14351279/600/20250913113658/free-trial-class-latihan-basket-professional-fun-activities-continual-menggunakan-kurikulum-wabc-fiba-program-ltad-berlisensi.jpg","[]","2025-10-08 07:50:04.868951+00","2025-10-08 07:50:04.868962+00","248"
"249","5.00","https://c.superprof.com/i/a/17025124/8587791/600/20250903103909/private-basket-waktu-dan-tempat-fleksibel-sesuai-ketersediaan-150rb-sesi-250rb-sesi-per-minggu.jpg","[]","2025-10-08 07:50:05.360582+00","2025-10-08 07:50:05.36061+00","249"
"250","5.00","https://c.superprof.com/i/a/35912983/15521480/600/20250416145510/memahami-hal-hal-mendasar-dalam-bola-basket-untuk-dikembangkan-menjadi-pemain-baik.jpg","[]","2025-10-08 07:50:05.824216+00","2025-10-08 07:50:05.824229+00","250"
"251","5.00","https://c.superprof.com/i/a/29048259/12870099/600/20231211075233/sebagai-pelatih-bola-basket-dan-sudah-memiliki-lisensi-kepelatihan-bola-basket.jpg","[]","2025-10-08 07:50:06.224784+00","2025-10-08 07:50:06.224796+00","251"
"252","5.00","https://c.superprof.com/i/a/20606662/9976332/600/20250624184529/terbuka-untuk-usia-pengembangan-karakter-dan-mengembangkan-visi-misi-dalam-basket.jpg","[]","2025-10-08 07:50:06.739812+00","2025-10-08 07:50:06.739822+00","252"
"253","4.50","https://c.superprof.com/i/a/8168607/4215854/600/20221216135555/pro-player-amartha-hangtuah-ingin-memberikan-pengetahuan-basket-yang-telah-saya-pelajari-dan-ketahui-instagram-lucalioteza.jpg","[]","2025-10-08 07:50:09.085143+00","2025-10-08 07:50:09.085153+00","253"
"254","5.00","https://c.superprof.com/i/a/35421564/15690526/600/20250925045801/perwakilan-pekan-olahraga-wilayah-sumatera-2019-cabang-bola-basket-perwakilan-seleknas-indonesia-patriot-seleksi-pekan.jpg","[]","2025-10-08 07:50:09.394031+00","2025-10-08 07:50:09.394041+00","254"
"255","0.00","https://c.superprof.com/i/a/18514305/9140164/600/20240310172749/pelatih-basket-berlesensi-perbasi-certified-nba-asia-coach-academy-nlp-psychology-sport-coach-practitioner.jpg","[]","2025-10-08 07:50:09.713581+00","2025-10-08 07:50:09.713597+00","255"
"256","0.00","https://c.superprof.com/i/a/27382338/12232671/600/20230728144207/kursus-bola-basket-pemula-fokus-skill-meleset-asah-terus-skill-berawal-dari-teknik-dasar-dll-satu-langkah-lebih-dekat.jpg","[]","2025-10-08 07:50:10.17484+00","2025-10-08 07:50:10.174853+00","256"
"257","5.00","https://c.superprof.com/i/a/32885148/14303818/600/20240917014225/pelatih-basket-private-eks-student-athlete-sma-bekasi-popda-jabar-kontingen-bekasi.jpg","[]","2025-10-08 07:50:11.053527+00","2025-10-08 07:50:11.053551+00","257"
"258","5.00","https://c.superprof.com/i/a/33194401/16012862/600/20250628133728/dari-nggak-bisa-dribble-jadi-jago-main-private-basket-dari-anak-hingga-remaja.jpg","[]","2025-10-08 07:50:11.546684+00","2025-10-08 07:50:11.54671+00","258"
"259","5.00","https://c.superprof.com/i/a/35294108/15199966/600/20250915204041/privat-basket-yang-berfokus-untuk-mengembangkan-kemampuan-siswa-bisa-diikuti-berbagai-jenjang-smp-sma.jpg","[]","2025-10-08 07:50:11.886935+00","2025-10-08 07:50:11.886957+00","259"
"260","5.00","https://c.superprof.com/i/a/27781053/12386838/600/20250430050700/share-how-play-basketball-from-fundamental-advance-skill-anyone-who-wants-improve-see-you.jpg","[]","2025-10-08 07:50:12.209063+00","2025-10-08 07:50:12.209095+00","260"
"261","5.00","https://c.superprof.com/i/a/18129283/8993043/600/20240711221614/menawarkan-jasa-private-basket-semua-kalangan-umur-anda-akan-dilatih-dari-hal-yang-basic-sampai-hal-yang-advance.jpg","[]","2025-10-08 07:50:12.629927+00","2025-10-08 07:50:12.629959+00","261"
"262","5.00","https://c.superprof.com/i/a/32654350/14207845/600/20240905142723/physical-education-teacher-basketball-trainer-with-more-than-years-experiences-dengan-spesialisasi-permainan-basket-dan.jpg","[]","2025-10-08 07:50:12.98454+00","2025-10-08 07:50:12.984549+00","262"
"263","0.00","https://c.superprof.com/i/a/10762059/5654968/600/20240909102634/pemain-basket-aktif-yang-menawarkan-pengajaran-latihan-fisik-teknik-dasar-dan-cara-bermain-bola-basket-serta-private-untuk-anak.jpg","[]","2025-10-08 07:50:13.472258+00","2025-10-08 07:50:13.472285+00","263"
"264","0.00","https://c.superprof.com/i/a/30228510/13342160/600/20241014041102/halo-saya-alfi-jika-anda-pemula-ingin-belajar-basket-dan-menguasai-teknik-tekniknya-saya-bisa-membantu-anda-satu-jamnya-cukup-000.jpg","[]","2025-10-08 07:50:13.953921+00","2025-10-08 07:50:13.953947+00","264"
"265","0.00","https://c.superprof.com/i/a/31516578/13774908/600/20240604034432/saya-memiliki-banyak-pengalaman-dibidang-yang-saya-ambil-karena-saya-sudah-lama-saya-bermain-dibidang-tersebut.jpg","[]","2025-10-08 07:50:14.28826+00","2025-10-08 07:50:14.288292+00","265"
"266","5.00","https://c.superprof.com/i/a/15013407/12082290/600/20250119131139/latihan-belajar-atau-privat-bola-basket-dengan-sangat-cepat-lokasi-ambarawa-semarang-salatiga-ungaran-boyolali.jpg","[]","2025-10-08 07:50:14.637919+00","2025-10-08 07:50:14.637951+00","266"
"267","0.00","https://c.superprof.com/i/a/31351224/13709152/600/20240706184440/fokus-mengenalkan-dan-membentuk-fundamental-anak-dalam-permainan-bola-basket-dari-umur-tahun.jpg","[]","2025-10-08 07:50:16.49913+00","2025-10-08 07:50:16.49914+00","267"
"268","0.00","https://c.superprof.com/i/a/18034060/8951406/600/20220620173714/terima-pelatihan-dasar-bola-basket-umur-tahun-area-jogjakarta-bisa-personal-ataupun-kelompok.jpg","[]","2025-10-08 07:50:16.81171+00","2025-10-08 07:50:16.811723+00","268"
"269","0.00","https://c.superprof.com/i/a/27390923/12236050/600/20230729101830/umum-atau-private-untuk-basket-pemula-bukan-sekedar-teknik-tapi-taktik-bermain.jpg","[]","2025-10-08 07:50:17.115454+00","2025-10-08 07:50:17.115463+00","269"
"270","4.00","https://c.superprof.com/i/a/33479818/14522121/600/20241024033715/atlet-beasiswa-basket-uph-siap-bantu-menguasai-teknik-dasar-hingga-mahir-garansi-progres-pesat-dan-pembelajaran-yang-menyenangkan.jpg","[]","2025-10-08 07:50:17.570076+00","2025-10-08 07:50:17.570086+00","270"
"271","5.00","https://c.superprof.com/i/a/7954398/4612429/600/20240819021520/saya-belum-pernah-masuk-klub-basket-tapi-saya-pecinta-dan-penghobi-basket-saya-belajar-otodidak-dari-tahun-2010-sampai-sekarang.jpg","[]","2025-10-08 07:50:17.866112+00","2025-10-08 07:50:17.866125+00","271"
"272","0.00","https://c.superprof.com/i/a/36719686/15839160/600/20250620013843/national-basketball-nerve-nbn-adalah-brand-akun-privat-sebagai-pelatih-basket-dengan-pengalaman-selama-tahun-nomer-lisensi.jpg","[]","2025-10-08 07:50:18.393145+00","2025-10-08 07:50:18.393179+00","272"
"273","5.00","https://c.superprof.com/i/a/7716698/5813215/600/20221207174921/mantan-atlet-basket-profesional-yang-bermain-liga-basketball-indonesia-ingin-mengajarkan-dasar-dasar-permainan-bola-basket-sesuai.jpg","[]","2025-10-08 07:50:18.883111+00","2025-10-08 07:50:18.883123+00","273"
"274","0.00","https://c.superprof.com/i/a/35357688/15228579/600/20250302171422/saya-lulusan-sekolah-sma-pskd-yang-dimana-bsaket-terbaik-jakarta-kini-saya-menjadi-pelatih-bsaket-salah-satu-sekolah-dan-club.jpg","[]","2025-10-08 07:50:19.560352+00","2025-10-08 07:50:19.560362+00","274"
"275","5.00","https://c.superprof.com/i/a/26871698/12032432/600/20250411223102/pelatih-basket-berpengalaman-memiliki-lisensi-mengajar-olahraga-basket-dengan-prinsip-mengajar-dan-belajar-dengan-have-fun.jpg","[]","2025-10-08 07:50:19.86684+00","2025-10-08 07:50:19.866852+00","275"
"276","0.00","https://c.superprof.com/i/a/7266301/12445806/600/20231204031619/belajar-maupun-belajar-basket-dengan-fokus-ball-handling-dan-workout-training-lengkap-dengan-peralatan-latihan-yang-saya-sediakan.jpg","[]","2025-10-08 07:50:20.351228+00","2025-10-08 07:50:20.351238+00","276"
"277","0.00","https://c.superprof.com/i/a/31095136/13615776/600/20240430075043/bermain-basket-dari-2012-2014-mengikuti-pertandingan-antar-sma-selama-mengikuti-pertandingan-saat-kuliah-dan-masih-aktif.jpg","[]","2025-10-08 07:50:20.966979+00","2025-10-08 07:50:20.966989+00","277"
"278","0.00","https://c.superprof.com/i/a/29770149/13159959/600/20240206194433/melatih-anak-anak-maupun-dewasa-dengan-materi-dasar-latihan-yaitu-ball-mastery-ball-handling-agar-setiap-pemain-mendapatkan-hasil.jpg","[]","2025-10-08 07:50:22.708858+00","2025-10-08 07:50:22.708871+00","278"
"279","5.00","https://c.superprof.com/i/a/28360726/12612525/600/20250621195026/private-basketball-coach-pelatih-basket-siap-mengajarkan-ilmu-yang-saya-miliki-kepada-generasi-generasi-selanjutnya.jpg","[]","2025-10-08 07:50:23.126936+00","2025-10-08 07:50:23.126956+00","279"
"280","0.00","https://c.superprof.com/i/a/37643966/16215055/600/20250724033032/step-your-game-mau-improve-fundamentals-dribble-shooting-saya-siap-bantu-kamu-jadi-pemain-yang-lebih-tajam-dan-percaya-diri.jpg","[]","2025-10-08 07:50:23.883322+00","2025-10-08 07:50:23.883332+00","280"
"281","0.00","https://c.superprof.com/i/a/37044912/15964757/600/20250622095012/pelatih-basket-dengan-pengalaman-tahun-lebih-dalam-melatih-basket-melatih-calon-atlet-usia-tahun-hingga-tahun.jpg","[]","2025-10-08 07:50:24.19633+00","2025-10-08 07:50:24.196342+00","281"
"282","0.00","https://c.superprof.com/i/a/25386728/11562621/600/20250619021152/student-athlete-basket-mahasiswa-memiliki-pengetahuan-tentang-basket-knowledge-dan-cara-mengajar-yang-baik.jpg","[]","2025-10-08 07:50:24.718272+00","2025-10-08 07:50:24.718297+00","282"
"283","0.00","https://c.superprof.com/i/a/29203508/12928500/600/20231228190358/metode-latihan-membentuk-karakter-pemain-individu-skill-dan-percaya-diri-dalam-permainan-bola-basket.jpg","[]","2025-10-08 07:50:25.049126+00","2025-10-08 07:50:25.049141+00","283"
"284","0.00","https://c.superprof.com/i/a/27603189/12318429/600/20230817062218/lisensi-perbasi-pelatih-berlisensi-mengajar-ekstrakurikuler-smp-dan-private-basket-segala-usia-lisensi-basketball.jpg","[]","2025-10-08 07:50:25.34202+00","2025-10-08 07:50:25.342028+00","284"
"285","0.00","https://c.superprof.com/i/a/36314162/15639687/600/20250506101149/lulusan-sekolah-sosial-dan-ikut-dalam-kegiatan-olahraga-basket-mengerti-teknik-dasar-basket.jpg","[]","2025-10-08 07:50:25.629852+00","2025-10-08 07:50:25.630048+00","285"
"286","5.00","https://c.superprof.com/i/a/34289146/14803848/600/20250411063135/latihan-bola-basket-dari-level-basic-expert-untuk-semua-umur-saya-telah-bermain-basket-selama-tahun-dan-bermain-untuk-klub.jpg","[]","2025-10-08 07:50:25.922802+00","2025-10-08 07:50:25.922822+00","286"
"287","0.00","https://c.superprof.com/i/a/24690730/11279252/600/20230124033313/haii-saya-dhepa-saya-siap-mengajarkan-basket-kalian-mulai-dari-fundamental-hingga-teknik-dan-skill-dalam-bermain-bola-basket.jpg","[]","2025-10-08 07:50:26.211926+00","2025-10-08 07:50:26.211951+00","287"
"288","0.00","https://c.superprof.com/i/a/35649198/15347461/600/20250319220722/latihan-basket-oleh-pelatih-berpengalaman-dan-berlisensi-resmi-pelatih-untuk-anak-anak-pemula-mulai-umur-sampai-tahun-kota-solo.jpg","[]","2025-10-08 07:50:26.940251+00","2025-10-08 07:50:26.940274+00","288"
"289","0.00","https://c.superprof.com/i/a/19000743/9320840/600/20230925004944/saya-seorang-sports-coach-saya-menawarkan-pengajaran-untuk-anda-dalam-olahraga-basket-dan-sebagai-personal-trainer-saya-fadhillah.jpg","[]","2025-10-08 07:50:27.399284+00","2025-10-08 07:50:27.399294+00","289"
"290","0.00","https://c.superprof.com/i/a/33609807/14569837/600/20241103113838/mengajarkan-teknik-tekni-dasar-basket-dan-juga-advance-pernah-menjuarai-kejuaran-3x3-antar-kota.jpg","[]","2025-10-08 07:50:29.029048+00","2025-10-08 07:50:29.029079+00","290"
"291","0.00","https://c.superprof.com/i/a/28476301/12657281/600/20231024161451/ngajar-basket-dan-ingin-melatih-anak-dan-melatih-skill-agar-makin-maksimal.jpg","[]","2025-10-08 07:50:29.352066+00","2025-10-08 07:50:29.352081+00","291"
"292","0.00","https://c.superprof.com/i/a/29016930/12858084/600/20231207062340/lulusan-sekolah-dan-mengajar-dalam-bidang-olahraga-berbagai-pengalaman-bidang-olahraga.jpg","[]","2025-10-08 07:50:29.838474+00","2025-10-08 07:50:29.8385+00","292"
"293","0.00","https://c.superprof.com/i/a/28761658/12765042/600/20231115123256/hilangkan-stressmu-dan-mari-mulai-belajar-main-basket-dari-nol-bersamaku-gas.jpg","[]","2025-10-08 07:50:30.394759+00","2025-10-08 07:50:30.39478+00","293"
"294","0.00","https://c.superprof.com/i/a/25453067/11588989/600/20230319100155/mengajar-basket-sesuai-kebutuhan-murid-diajar-nantinga-sehingga-menjadikan-murid-aktif-sportivitas.jpg","[]","2025-10-08 07:50:30.764243+00","2025-10-08 07:50:30.764253+00","294"
"295","0.00","https://c.superprof.com/i/a/38635546/16702565/600/20250927165558/saya-lulusan-dari-sekolah-tinggi-olahraga-dan-kesehatan-stok-bina-guna-medan-saya-bilang-mengajar.jpg","[]","2025-10-08 07:50:31.298804+00","2025-10-08 07:50:31.298813+00","295"
"296","0.00","https://c.superprof.com/i/a/12245173/16592434/600/20250911154806/guru-pjok-pelatih-basket-berpengalaman-mengajarkan-teknik-dasar-strategi-permainan-dan-membangun-mental-bertanding-latihan.jpg","[]","2025-10-08 07:50:31.726564+00","2025-10-08 07:50:31.726592+00","296"
"297","0.00","https://c.superprof.com/i/a/38408976/16537627/600/20250904042555/pelatih-basket-berlisensi-dengan-pengalaman-melatih-klub-dan-sekolah-siap-membimbing-privat.jpg","[]","2025-10-08 07:50:32.075769+00","2025-10-08 07:50:32.075797+00","297"
"298","0.00","https://c.superprof.com/i/a/32248564/14058630/600/20250905212441/mengajarkan-bola-basket-daerah-jakarta-selatan-depok-berpengalaman-bermain-pertandingan-mahasiswa-pro.jpg","[]","2025-10-08 07:50:32.453415+00","2025-10-08 07:50:32.453437+00","298"
"299","0.00","https://c.superprof.com/i/a/38364560/16513039/600/20250901054250/pengalaman-dalam-dunia-basket-selama-tahun-yang-siap-mengajarkan-anda-bermain-bola-basket-mulai-dari-nol.jpg","[]","2025-10-08 07:50:32.760628+00","2025-10-08 07:50:32.760639+00","299"
"300","0.00","https://c.superprof.com/i/a/37306806/16072591/600/20250706064611/student-athlete-nasional-yang-masih-aktif-bermain-fokus-fundamental-basket-benar-sejak-awal-khusus-anak-usia-thn-lokasi.jpg","[]","2025-10-08 07:50:33.063895+00","2025-10-08 07:50:33.06391+00","300"
"301","0.00","https://c.superprof.com/i/a/27561570/16065420/600/20250706092915/bisa-basket-dalam-waktu-bulan-belajar-teknik-dasar-dan-lanjutan-untuk-bisa-berkompetisi.jpg","[]","2025-10-08 07:50:33.390298+00","2025-10-08 07:50:33.390312+00","301"
"302","0.00","https://c.superprof.com/i/a/36698124/15819594/600/20250603095928/private-coach-basketball-untuk-anak-usia-tahun-latihan-personal-dari-basic-hingga-skill-advanced-bersama-coach-bagas.jpg","[]","2025-10-08 07:50:33.725948+00","2025-10-08 07:50:33.72598+00","302"
"303","0.00","https://c.superprof.com/i/a/36176421/15815919/600/20250602193307/saya-jeffry-saya-lulusan-universitas-budi-luhur-jakarta-punya-pengalaman-melatih-private-maupun-team-basket-jakarta-materi.jpg","[]","2025-10-08 07:50:34.066465+00","2025-10-08 07:50:34.066476+00","303"
"304","0.00","https://c.superprof.com/i/a/35955200/15478324/600/20250409061125/saya-adalah-seorang-lulusan-dari-universitas-mercu-buana-dan-saya-tinggal-tangerang-saya-mempunya-komunitas-tangerang-bernama.jpg","[]","2025-10-08 07:50:36.036581+00","2025-10-08 07:50:36.036593+00","304"
"305","0.00","https://c.superprof.com/i/a/35525041/15297020/600/20250312071346/saya-tidak-memiliki-prestasi-fisik-namun-saya-yakin-pengalaman-yang-saya-miliki-dapat-membantu-mendapatkan-skill-skill-baru-dalam.jpg","[]","2025-10-08 07:50:36.551127+00","2025-10-08 07:50:36.551141+00","305"
"306","0.00","https://c.superprof.com/i/a/34243833/15003838/600/20250129080824/mau-jago-main-basket-latihan-bareng-coach-belajar-basket-dari-nol-yuk-latihan-bareng.jpg","[]","2025-10-08 07:50:36.884802+00","2025-10-08 07:50:36.884812+00","306"
"307","0.00","https://c.superprof.com/i/a/34067970/14727563/600/20241206081223/siap-membantu-yang-ingin-belajar-basket-atau-mengembangkan-kemampuan-basketnya-pengalaman-melatih-sudah-10thn-sekolah-sekolah-dan.jpg","[]","2025-10-08 07:50:37.200284+00","2025-10-08 07:50:37.200297+00","307"
"308","5.00","https://c.superprof.com/i/a/17355939/8682936/600/20220419122700/lulusan-unnes-pernah-melatih-sampai-tingkat-kejurnas-lisensi-sampai-sekarang-masih-aktif-bidang-kepelatihan.jpg","[]","2025-10-08 07:50:38.020514+00","2025-10-08 07:50:38.020525+00","308"
"309","0.00","https://c.superprof.com/i/a/30065791/13275836/600/20240226081020/mengajari-bermain-basket-untuk-mengasah-fundamental-skill-bermain-basket-dan-mental-setiap-pemain-secara-individu-dan-team.jpg","[]","2025-10-08 07:50:38.335216+00","2025-10-08 07:50:38.335234+00","309"
"310","0.00","https://c.superprof.com/i/a/28296544/12587939/600/20231009072617/pelatih-basket-berlisensi-dengan-tahun-pengalaman-telah-melatih-berbagai-macam-pemain-secara-privat-dan-juga-telah-memegang-tim.jpg","[]","2025-10-08 07:50:39.010326+00","2025-10-08 07:50:39.010348+00","310"
"311","0.00","https://c.superprof.com/i/a/38998236/16759895/600/20251006120638/pernah-memenangkan-banyak-kejuaraan-dari-nasional-dan-event-dari-berbagai-kota-yang-pastinya-mendapatkan-banyak-pengalaman-yang.jpg","[]","2025-10-08 07:50:39.494536+00","2025-10-08 07:50:39.494556+00","311"
"312","0.00","https://c.superprof.com/i/a/38036466/16392695/600/20250814071510/mahasiswa-pendidikan-kepelatihan-olahraga-dengan-spesialisasi-cabang-olahraga-bola-basket-terjun-dunia-basket-sejak-hampir.jpg","[]","2025-10-08 07:50:39.802653+00","2025-10-08 07:50:39.802671+00","312"
"313","0.00","https://c.superprof.com/i/a/37471456/16140824/600/20250714160251/lulusan-sma-negeri-yang-aktif-dalam-latihan-bola-basket-dan-sangat-menyukai-olahraga-basket.jpg","[]","2025-10-08 07:50:40.182842+00","2025-10-08 07:50:40.182861+00","313"
"314","0.00","https://c.superprof.com/i/a/37069030/15974636/600/20250623151105/saya-cukup-berpengalaman-dalam-bola-basket-tahap-smp-dan-awal-sma-saya-dapat-memberi-arahan-dan-mengajarkan-fundamental-tentang.jpg","[]","2025-10-08 07:50:40.488109+00","2025-10-08 07:50:40.488132+00","314"
"315","0.00","https://c.superprof.com/i/a/36686708/15805554/600/20250601113109/dbl-camp-2022-2023-champions-dbl-jambi-2022-2023-2023-2024-runner-dbl-jambi-2021-2022-2024-2025.jpg","[]","2025-10-08 07:50:42.244899+00","2025-10-08 07:50:42.244917+00","315"
"316","0.00","https://c.superprof.com/i/a/33721604/14610685/600/20241111094404/mantan-pemain-jabar-tahun-1999-dan-menjadi-pelatih-bola-basket-talenta-smp-dan-sma-tahun-2000-sama-2002.jpg","[]","2025-10-08 07:50:42.585924+00","2025-10-08 07:50:42.585955+00","316"
"317","0.00","https://c.superprof.com/i/a/28293491/12586655/600/20231009080453/saya-bisa-mengajari-anda-bagaimana-bermain-bola-basket-dengan-benar-dan-cepat.jpg","[]","2025-10-08 07:50:43.390062+00","2025-10-08 07:50:43.390081+00","317"
"318","0.00","https://c.superprof.com/i/a/7985349/4220412/600/20250630014301/latih-terlatih-dan-melatih-adalah-perpaduan-dalam-bermain-basket-saya-siap-melatih-dengan-asik-dan-fun-tdk-hanya-berlatih-tentang.jpg","[]","2025-10-08 07:50:43.710569+00","2025-10-08 07:50:43.710597+00","318"
"319","0.00","https://c.superprof.com/i/a/5475374/2672212/600/20250501153856/melatih-basket-untuk-segala-usia-dari-fudamental-hinggaa-advance-lets-goo.jpg","[]","2025-10-08 07:50:44.276455+00","2025-10-08 07:50:44.276483+00","319"
"320","0.00","https://c.superprof.com/i/a/13909460/7129833/600/20220419122700/memberikan-latihan-basket-secara-privat-untuk-anak-mulai-dari-prasekolah-hingga-smp-memiliki-beberapa-pengalaman-dalam-kompetisi.jpg","[]","2025-10-08 07:50:44.614987+00","2025-10-08 07:50:44.615011+00","320"
"321","5.00","https://c.superprof.com/i/a/10638425/9275375/600/20220419122700/melatih-basket-privat-untuk-anak-usia-kelas-hingga-sma-kelas.jpg","[]","2025-10-08 07:50:44.944892+00","2025-10-08 07:50:44.944917+00","321"
"322","5.00","https://c.superprof.com/i/a/6419652/3209349/600/20220419122700/saya-menawarkan-anda-pelajaran-matematika-dan-terutama-pelajaran-olahraga-hingga-tingkat-sma-sederajat.jpg","[]","2025-10-08 07:50:45.480763+00","2025-10-08 07:50:45.48079+00","322"
"323","0.00","https://c.superprof.com/i/a/12055096/6261030/600/20220419122700/mantan-pemain-basket-terpanggil-untuk-membagi-ilmunya-bagi-pebasket-muda-bali.jpg","[]","2025-10-08 07:50:45.820383+00","2025-10-08 07:50:45.820416+00","323"
"324","5.00","https://c.superprof.com/i/a/23725821/11211869/600/20240104153856/pro-atlet-proliga-dan-sudah-mempunyai-lisensi-pelatih-nasional-untuk-kepelatihan-khusus-bola-voli-siap-melatih.jpg","[]","2025-10-08 07:54:01.325057+00","2025-10-08 07:54:01.325074+00","324"
"325","0.00","https://c.superprof.com/i/a/35843067/16705452/600/20250930230257/lulusan-jurusan-olahraga-salah-satu-kampus-terbaik-mengajar-cabang-olahraga-bola-voli-untuk-semua-tingkat-metode-yang-digunakan.jpg","[]","2025-10-08 07:54:02.960752+00","2025-10-08 07:54:02.960766+00","325"
"326","0.00","https://c.superprof.com/i/a/32959325/14324056/600/20240921064512/saya-fazma-fahad-lulusan-dari-kampusnya-para-juara-stkip-pasundan-cimahi-sudah-berpengalaman-melatih-salah-satu-klub-voli-kota.jpg","[]","2025-10-08 07:54:03.257542+00","2025-10-08 07:54:03.257559+00","326"
"327","0.00","https://c.superprof.com/i/a/10934213/5740741/600/20221231082853/guru-matematika-untuk-meningkatkan-pembelajaran-matematika-tingkat-dan-smp-memperdalam-ilmu-matematika.jpg","[]","2025-10-08 07:54:03.964016+00","2025-10-08 07:54:03.964033+00","327"
"328","0.00","https://c.superprof.com/i/a/37846590/16726181/600/20251001052742/kursus-privat-voli-untuk-pemula-hingga-mahir-dengan-metode-latihan-menyenangkan-dan-efektif.jpg","[]","2025-10-08 07:54:04.262058+00","2025-10-08 07:54:04.262082+00","328"
"329","0.00","https://c.superprof.com/i/a/33813870/14641861/600/20241117164807/lulusan-pendidikan-kepelatihan-olahraga-universitas-negeri-semarang-masih-aktif-sebagai-atlet-volijateng.jpg","[]","2025-10-08 07:54:06.405165+00","2025-10-08 07:54:06.405219+00","329"
"330","0.00","https://c.superprof.com/i/a/31519731/13776193/600/20240604110752/membantu-dalam-memahami-teknik-voli-yang-baik-dan-sederhana-untuk-kalian-yang-masih-pemula.jpg","[]","2025-10-08 07:54:06.720782+00","2025-10-08 07:54:06.720808+00","330"
"331","0.00","https://c.superprof.com/i/a/30368822/13398237/600/20240318035929/lulus-terbaik-saya-akan-mengajar-dengan-kebutuhan-anak-murid-saya-serta-ingin-berbagi-ilmu.jpg","[]","2025-10-08 07:54:07.03148+00","2025-10-08 07:54:07.031498+00","331"
"332","0.00","https://c.superprof.com/i/a/28743056/12758033/600/20231114020135/menjadi-pemain-voli-terbaik-dengan-berlatih-tanpa-mengenal-menyerah-dan-putus-asa.jpg","[]","2025-10-08 07:54:07.430906+00","2025-10-08 07:54:07.430922+00","332"
"333","0.00","https://c.superprof.com/i/a/36330213/15646833/600/20250507104406/hilangkan-stres-raih-kebugaran-dengan-olahraga-voli-ayoo-jangan-jadi-penonton-sajaa-mari-bergabung-diclub-gobrak.jpg","[]","2025-10-08 07:54:07.935509+00","2025-10-08 07:54:07.93553+00","333"
"334","0.00","https://c.superprof.com/i/a/36047991/15518790/600/20250416033851/saya-akan-mengajarkan-volly-ball-dengan-baik-dan-benar-karena-volly-ball-dapat-menyehatkan-tubuh-dan-kalo-udah-bisa-volly-bisa.jpg","[]","2025-10-08 07:54:08.214769+00","2025-10-08 07:54:08.214781+00","334"
"335","0.00","https://c.superprof.com/i/a/31321404/13697369/600/20240518050701/info-seputar-pervolian-indonesia-sangatlah-populer-dari-kalangan-remaja-atas-hoby-ini-sangat-gandrumi-oleh-semua-olahraga.jpg","[]","2025-10-08 07:54:08.48681+00","2025-10-08 07:54:08.486821+00","335"
"336","0.00","https://c.superprof.com/i/a/29768796/13153037/600/20240205072427/saya-sebagi-atisten-pelatih-dan-sebagai-petaih-voli-untuk-usia-smp-dan-sma-sederajat.jpg","[]","2025-10-08 07:54:08.763852+00","2025-10-08 07:54:08.763879+00","336"
"337","0.00","https://c.superprof.com/i/a/28196456/12621116/600/20231016092029/mari-bergabung-untuk-kelas-pemula-akan-digambarkan-dari-teknik-dasar-permainan-volly.jpg","[]","2025-10-08 07:54:09.183121+00","2025-10-08 07:54:09.183146+00","337"
"338","0.00","https://c.superprof.com/i/a/5409091/2635957/600/20230607091916/mahasiswa-fip-unj-2018-berpengalaman-bola-volly-o2sn-kabupaten-dan-provinsi-serta-masuk-tim-fortius-unj.jpg","[]","2025-10-08 07:54:09.468391+00","2025-10-08 07:54:09.468426+00","338"
"339","0.00","https://c.superprof.com/i/a/15141796/7711998/600/20220419122700/mahasiswa-membuka-kursus-beladiri-penak-silat-dan-bola-volly-bagi-yang-berminat-hubungi-saya.jpg","[]","2025-10-08 07:54:11.882658+00","2025-10-08 07:54:11.88267+00","339"
"340","0.00","https://c.superprof.com/i/a/15141323/7711859/600/20220419122700/saya-seorang-guru-unsri-dan-ipb-jurusan-biologi-tetapi-telah-menjadi-pelatih-bola-voli-baik-untul-sma-mahasiswa-dan.jpg","[]","2025-10-08 07:54:12.179821+00","2025-10-08 07:54:12.179835+00","340"
"341","0.00","https://c.superprof.com/i/a/9688754/5088786/600/20220419122700/mahasiswa-universitas-terbuka-memberikan-pengetahuan-teknik-dalam-olahraga-khususnya-bola-volly-indonesia.jpg","[]","2025-10-08 07:54:13.095627+00","2025-10-08 07:54:13.095644+00","341"
"342","0.00","https://c.superprof.com/i/a/8860177/4623998/600/20220419122700/mahasiswa-pendidikan-olahraga-menawarkan-untuk-kalian-belajar-olahraga-bola-voli-dan-latih-gerak.jpg","[]","2025-10-08 07:54:13.389122+00","2025-10-08 07:54:13.389149+00","342"
"343","0.00","https://c.superprof.com/i/a/7985160/4102346/600/20220419122700/mahasiswa-dari-bidang-olahraga-siap-mengajarkan-anda-sampai-tahan-yang-tinggi.jpg","[]","2025-10-08 07:54:14.14306+00","2025-10-08 07:54:14.143076+00","343"
"344","0.00","https://c.superprof.com/i/a/5100285/2463693/600/20220419122700/bermain-bola-voli-merupakan-bentuk-nyata-dari-imajinasi-tinggi-yang-keluarkan-oleh-fikiran-melalui-perbuatan.jpg","[]","2025-10-08 07:54:14.402549+00","2025-10-08 07:54:14.402564+00","344"